Date,^FTSE_log_return,^GSPC_log_return,^N225_log_return,^STOXX50E_log_return
2010-01-05,,,,
2010-01-06,,,,
2010-01-07,,,,
2010-01-08,,,,
2010-01-11,,,,
2010-01-12,,,,
2010-01-13,,,,
2010-01-14,,,,
2010-01-15,,,,
2010-01-18,,,,
2010-01-19,,,,
2010-01-20,,,,
2010-01-21,,,,
2010-01-22,,,,
2010-01-25,,,,
2010-01-26,,,,
2010-01-27,,,,
2010-01-28,,,,
2010-01-29,,,,
2010-02-01,,,,
2010-02-02,,,,
2010-02-03,,,,
2010-02-04,,,,
2010-02-05,,,,
2010-02-08,,,,
2010-02-09,,,,
2010-02-10,,,,
2010-02-11,,,,
2010-02-12,,,,
2010-02-15,,,,
2010-02-16,,,,
2010-02-17,,,,
2010-02-18,,,,
2010-02-19,,,,
2010-02-22,,,,
2010-02-23,,,,
2010-02-24,,,,
2010-02-25,,,,
2010-02-26,,,,
2010-03-01,,,,
2010-03-02,,,,
2010-03-03,,,,
2010-03-04,,,,
2010-03-05,,,,
2010-03-08,,,,
2010-03-09,,,,
2010-03-10,,,,
2010-03-11,,,,
2010-03-12,,,,
2010-03-15,,,,
2010-03-16,,,,
2010-03-17,,,,
2010-03-18,,,,
2010-03-19,,,,
2010-03-22,,,,
2010-03-23,,,,
2010-03-24,,,,
2010-03-25,,,,
2010-03-26,,,,
2010-03-29,,,,
2010-03-30,,,,
2010-03-31,,,,
2010-04-01,,,,
2010-04-02,,,,
2010-04-05,,,,
2010-04-06,,,,
2010-04-07,,,,
2010-04-08,,,,
2010-04-09,,,,
2010-04-12,,,,
2010-04-13,,,,
2010-04-14,,,,
2010-04-15,,,,
2010-04-16,,,,
2010-04-19,,,,
2010-04-20,,,,
2010-04-21,,,,
2010-04-22,,,,
2010-04-23,,,,
2010-04-26,,,,
2010-04-27,,,,
2010-04-28,,,,
2010-04-29,,,,
2010-04-30,,,,
2010-05-03,,,,
2010-05-04,,,,
2010-05-05,,,,
2010-05-06,,,,
2010-05-07,,,,
2010-05-10,,,,
2010-05-11,,,,
2010-05-12,,,,
2010-05-13,,,,
2010-05-14,,,,
2010-05-17,,,,
2010-05-18,,,,
2010-05-19,,,,
2010-05-20,,,,
2010-05-21,,,,
2010-05-24,,,,
2010-05-25,,,,
2010-05-26,,,,
2010-05-27,,,,
2010-05-28,,,,
2010-05-31,,,,
2010-06-01,,,,
2010-06-02,,,,
2010-06-03,,,,
2010-06-04,,,,
2010-06-07,,,,
2010-06-08,,,,
2010-06-09,,,,
2010-06-10,,,,
2010-06-11,,,,
2010-06-14,,,,
2010-06-15,,,,
2010-06-16,,,,
2010-06-17,,,,
2010-06-18,,,,
2010-06-21,,,,
2010-06-22,,,,
2010-06-23,,,,
2010-06-24,,,,
2010-06-25,,,,
2010-06-28,,,,
2010-06-29,,,,
2010-06-30,,,,
2010-07-01,,,,
2010-07-02,,,,
2010-07-05,,,,
2010-07-06,,,,
2010-07-07,,,,
2010-07-08,0.19296572064587883,,,0.2738301129773089
2010-07-09,0.19303600337865168,,,0.27394842199533437
2010-07-12,0.1932752092582807,,,0.2739634944396794
2010-07-13,0.19538898984932426,0.20486439750326968,,0.2753142903337514
2010-07-14,0.19542693744527215,0.20480117358564337,,0.2752676913498119
2010-07-15,0.19573680598407234,0.20480993811896697,0.21912683885748824,0.27587516668108664
2010-07-16,0.1959909371666124,0.2086975988695699,0.2227027005112214,0.27707044016769095
2010-07-19,0.19591200687902205,0.20885166241067388,,0.2771214511983964
2010-07-20,0.19580256699195636,0.20952256348006124,,0.277079446602268
2010-07-21,0.19662756407625534,0.2098732545983308,,0.2761936134262206
2010-07-22,0.1981956842132729,0.21199779891889464,0.22268387484433572,0.2789150298775585
2010-07-23,0.19813411772593528,0.2123186274885648,0.2251016702676834,0.2786247982103551
2010-07-26,0.19694629269286662,0.2124380547536138,0.22481306426997988,0.2768449244564269
2010-07-27,0.1956484113619136,0.2119330427533327,0.2241084835918182,0.27597224367313283
2010-07-28,0.19584871573776755,0.21044415047355167,0.2262151376797519,0.2756391591555089
2010-07-29,0.19549999406932092,0.2081328225444187,0.22608163589920885,0.2753042813629265
2010-07-30,0.19605809880001804,0.20802841381625287,0.22665759010696998,0.27520269541998343
2010-08-02,0.19876439995470221,0.21022293792639857,0.22648153399023735,0.2772958799285422
2010-08-03,0.1977156257471608,0.21022880757000947,0.2272755479408717,0.2760057766385688
2010-08-04,0.19743961391875284,0.20970334337177443,0.22842441467791094,0.2753442309481515
2010-08-05,0.19692853597383697,0.20922237972268537,0.22702826196342682,0.2752738424701423
2010-08-06,0.19693303652509367,0.20835372574017874,0.22682020036731584,0.27551462365490237
2010-08-09,0.1977738698647182,0.2077003534251238,0.2256537088909314,0.2761745947105356
2010-08-10,0.19543660071376037,0.2077282715867387,0.22546597618981923,0.27179806274446233
2010-08-11,0.19740563155094096,0.20683220894098545,0.22751268686123405,0.27159838130742514
2010-08-12,0.19730161688341719,0.20693737203654128,0.2259599518840091,0.27112397931760157
2010-08-13,0.19725242388029338,0.20662840395322613,0.2260645392152782,0.2712233621027171
2010-08-16,0.19718978195050302,0.20580889120301385,0.22493929774477955,0.27083811866777097
2010-08-17,0.19798724805894274,0.20650069137576235,0.22491027917202713,0.2713009475926501
2010-08-18,0.19835061604311693,0.2060608956234549,0.2252301473530602,0.2713307967332902
2010-08-19,0.19984780807626412,0.20743924098146663,0.22234308663348365,0.27286499596487196
2010-08-20,0.19883527025912678,0.20740704727641096,0.22357723348834285,0.2727708008747403
2010-08-23,0.19893077706331685,0.2072553149940177,0.22375261340090613,0.27209667248218855
2010-08-24,0.19967971712161978,0.2082166426995115,0.22443983254213895,0.2731521471060602
2010-08-25,0.19988319014199174,0.2082791149628872,0.22537620055615554,0.2734549044002191
2010-08-26,0.2003028767977172,0.20786368052374443,0.22559629075477144,0.2735456500100472
2010-08-27,0.20046036172201664,0.20873959510117804,0.2226579935205423,0.27269890144903985
2010-08-30,,0.20973922348127744,0.22408950375990314,0.2728065183484574
2010-08-31,,0.20972687036774806,0.2279152206534415,0.27148489034944473
2010-09-01,0.20384644980278424,0.2133233229582082,0.2251597504665825,0.2748536089617706
2010-09-02,0.203082913359333,0.21369603611645233,0.2262255435179311,0.27396534588787663
2010-09-03,0.20262757345333254,0.2145214483447223,0.2254955575835475,0.2741657870860413
2010-09-06,0.2022113311554067,,0.22705312586945509,0.2738930503120853
2010-09-07,0.2013742453872266,,0.2272857361658475,0.2742374237828911
2010-09-08,0.20105949594461547,0.21465110602636173,0.22922191211023932,0.2728801200521713
2010-09-09,0.20174371292876506,0.2138428558665219,0.2294264577431621,0.27327603894966096
2010-09-10,0.2009078668493165,0.2139583909290929,0.2304793135069528,0.2732802328155145
2010-09-13,0.20156203604094705,0.2145249126370535,0.23041483658359324,0.27320826523244723
2010-09-14,0.20155834731549094,0.21443019842646194,0.228262226326601,0.27311387120156544
2010-09-15,0.20135526354434857,0.2144122297692937,,0.2731935059910972
2010-09-16,0.20130796021857078,0.21441255964308112,,0.2728792142308429
2010-09-17,0.2014620847071369,0.2144149911885875,0.22697682739822111,0.27272981483397524
2010-09-20,0.2027113812739425,0.21520392458668616,,0.27341756383291843
2010-09-21,0.202723004663357,0.21507498349102092,,0.2733089262447629
2010-09-22,0.20273144147821984,0.2151809095951835,0.22701437385427034,0.2740538586303117
2010-09-23,0.20273466893796604,0.21538361231172146,,0.27413292462844097
2010-09-24,0.2031441104557811,0.21732101708568285,,0.27534563830780967
2010-09-27,0.20324192624474458,0.21722870856163207,0.22792806733965532,0.27546162445076167
2010-09-28,0.20311650320270583,0.2172017735031003,0.22797595238484275,0.27465210583657096
2010-09-29,0.20312725661047923,0.21721929128054288,0.22787738512446565,0.2748658927734477
2010-09-30,0.20281205412803113,0.21725976528948993,0.2295166127013684,0.27486135454495064
2010-10-01,0.2030387548903867,0.217200194060183,0.2295899689440152,0.2749463950469965
2010-10-04,0.2032450272910376,0.21749503094713643,0.22891696865614922,0.27542076408446337
2010-10-05,0.20402118054060345,0.21941907090823456,0.22962450454323377,0.27610689141147177
2010-10-06,0.20432458655220087,0.21917279165711842,0.23085706632359657,0.2762289127055066
2010-10-07,0.2037513073183009,0.21917187521238587,0.23077075141240758,0.2757991725474016
2010-10-08,0.203703424604437,0.21918101306012303,0.23112544534171364,0.27472868123134164
2010-10-11,0.20335809113884362,0.21913060065159665,,0.27470728852372717
2010-10-12,0.2028769853227465,0.21899410384400836,,0.2747198904358446
2010-10-13,0.2039759626562555,0.2192093254086474,0.2300073537526281,0.27649230851185513
2010-10-14,0.2040004255590585,0.2192702069136646,0.23171163279470675,0.2764968270577911
2010-10-15,0.20392106396775334,0.2187226098044864,0.23147658321707484,0.2748329546485142
2010-10-18,0.20402953832278842,0.21896031000857255,0.23147838887169692,0.274814447832938
2010-10-19,0.20327521422999972,0.21892265913639147,0.2306497055177619,0.27414288673741066
2010-10-20,0.2033180737429102,0.2193313779402727,0.23162296387833836,0.27364339546706007
2010-10-21,0.20298705433396586,0.2190514527120806,0.23147673387085563,0.27288381462099487
2010-10-22,0.20246646107676944,0.21907221165763693,0.23158996419169486,0.2727746953232519
2010-10-25,0.20193066337396537,0.21906988352143064,0.23158418719223584,0.27245560087505927
2010-10-26,0.20175576942544118,0.21883829356200432,0.23115424440636326,0.26718975794959526
2010-10-27,0.20221905696711973,0.21878656707390876,0.23109357659783833,0.26627633463731737
2010-10-28,0.1987918679498037,0.2161775521676073,0.2309771032446106,0.2656925424140275
2010-10-29,0.19873840405655743,0.21599512345169788,0.23195048918745595,0.265611646430191
2010-11-01,0.19864724019603802,0.2152356226141064,0.2319067176685197,0.26565885322345106
2010-11-02,0.19848822267609206,0.21416181624694297,0.23168396126382734,0.2596994429226918
2010-11-03,0.19759312036972895,0.21344150188959074,,0.2597037489673823
2010-11-04,0.1981070405757261,0.2122773284992872,,0.258080520641426
2010-11-05,0.19421181824164,0.21208839723666242,0.23451052699353897,0.25007988487795174
2010-11-08,0.181227061084584,0.20669372475470105,0.23390902468924865,0.20872287387879
2010-11-09,0.18066841940479844,0.20578849154642118,0.23395411523250778,0.20832297741151629
2010-11-10,0.18089924103954666,0.19689624253803484,0.2334909503429959,0.2090321650552227
2010-11-11,0.18048098522923242,0.19693448032551245,0.2329223502843,0.20920766439683233
2010-11-12,0.1745306337345059,0.19682696165166833,0.233657246615817,0.2067498385902444
2010-11-15,0.17458770555067318,0.19602150943141278,0.23180885452377883,0.20254739508166156
2010-11-16,0.17774602834594094,0.1955285557512434,0.23172071194311722,0.20353701398220733
2010-11-17,0.17285874071404972,0.19552684752024685,0.22895418750898025,0.20374725960820028
2010-11-18,0.17195963219987917,0.1954909532778562,0.22662228673956894,0.20405968592175597
2010-11-19,0.17221401470586098,0.19532929158153964,0.22545755136675888,0.19843388409464127
2010-11-22,0.17280446900107238,0.18662995190019513,0.22530608164620677,0.1992227645059103
2010-11-23,0.1706547521660502,0.1868486620379592,,0.2027118494489543
2010-11-24,0.1695423285888737,0.1868372710460804,,0.20289690666939644
2010-11-25,0.16441146651861305,,0.2254133541720754,0.20289366544968762
2010-11-26,0.1646093129731184,,0.22333970548894785,0.20274890298750634
2010-11-29,0.1673926499228297,0.18686653965197877,0.22271077394851926,0.20097700196307053
2010-11-30,0.16678113753997362,0.18689729559797424,0.22214723782304957,0.20079093308937795
2010-12-01,0.16740572614958069,0.18381339492353313,0.22226903487854227,0.20380179880887628
2010-12-02,0.16919972186059418,0.18356127585856766,0.22358650340824926,0.20447318255667582
2010-12-03,0.1688471386469671,0.18026161255222592,0.22248519589003216,0.20257705868708048
2010-12-06,0.16826538414487044,0.1802364825875716,0.2196180828089101,0.2021145040420608
2010-12-07,0.1680566090227546,0.17280099516500208,0.21961525950137847,0.20138648289612712
2010-12-08,0.16796395358500388,0.1715343410475144,0.21530536469468864,0.20083210124413411
2010-12-09,0.16771921764635978,0.17102977016579923,0.21523744237944406,0.20110276093474913
2010-12-10,0.16769056728317228,0.17084260474571025,0.21489648032040456,0.20105692985096135
2010-12-13,0.16796081845808472,0.16622701449730254,0.21446203395107238,0.2011513166644988
2010-12-14,0.16804357763816705,0.16616422795266678,0.2144755657844339,0.20055638103860604
2010-12-15,0.1680652930801961,0.1663494571402414,0.21429078482593442,0.2004637088530308
2010-12-16,0.16765496055164236,0.16350189233367562,0.21362925651500214,0.19926569720426168
2010-12-17,0.1669995620280956,0.16348757155461274,0.20895228061100496,0.19705165178311343
2010-12-20,0.16583776847693088,0.16350203734576738,0.2093197944069527,0.19698575606118837
2010-12-21,0.16471502515899575,0.16365573038628028,0.20260942587509223,0.19675633524416528
2010-12-22,0.16395659193753323,0.16353969178686262,0.2026512047879781,0.1867475059333723
2010-12-23,0.1638773847216905,0.16172352133605045,,0.186608227641102
2010-12-24,0.1570505728506067,,,
2010-12-27,,,0.20224270196003702,
2010-12-28,,0.16161451149695172,0.20197579868402932,0.18389234336136615
2010-12-29,,0.15952480442754294,0.20075673105797148,0.18402519934663236
2010-12-30,0.15725899272083146,0.15956242020020606,0.19995026585087824,0.18471503351043622
2010-12-31,0.1545897931792478,0.15950509615138206,,
2011-01-03,,0.15307925719192275,,
2011-01-04,,0.15220654486630103,,0.18070630207465552
2011-01-05,0.15449461287965008,0.15210608171316756,0.1999712882050557,0.1784133196342045
2011-01-06,0.15456300489486532,0.15192912691591748,0.19938142181835317,0.17766051278240352
2011-01-07,0.14992282056153208,0.14627754467447135,0.19912451887923988,0.17812197085978435
2011-01-10,0.14964783223906877,0.1459142062106919,,0.17979866242960998
2011-01-11,0.14823256123140657,0.14572482857631477,,0.17871415963964063
2011-01-12,0.14827818745926638,0.14610504836961938,0.1991209134059332,0.18332595448974173
2011-01-13,0.14827807169716598,0.1448580494398264,0.1965158027035815,0.1830820350918846
2011-01-14,0.14595478759967176,0.14508426807700658,0.1961072719325888,0.18037823117685
2011-01-17,0.14592308879383026,,0.19418349140059923,0.18033644432800672
2011-01-18,0.14616797690575833,,0.19418909449987182,0.180947991879643
2011-01-19,0.14671650183817253,0.14601382969099752,0.19214945309425344,0.1812543618691593
2011-01-20,0.14919431924964516,0.1393985846326775,0.19277379133955497,0.17709902092714197
2011-01-21,0.14925313119346897,0.1392646871986789,0.1932277704359892,0.1781978487047208
2011-01-24,0.14834375190091062,0.13869982762130537,0.191210527490072,0.17785372276735026
2011-01-25,0.14629421595820077,0.13718026441804296,0.18934554626205596,0.17774729699360672
2011-01-26,0.1467225734701758,0.13404592849496516,0.1896082526094004,0.177775768866871
2011-01-27,0.14644581969981346,0.13371011576999894,0.18964204335301327,0.17786916879001233
2011-01-28,0.14790666175816264,0.13578677726717248,0.19020473378367297,0.1786524148253808
2011-01-31,0.14742524833265766,0.13605073834784703,0.1907942034527508,0.17408523610361287
2011-02-01,0.1490151094226076,0.1372417403346557,0.18709164600443373,0.17581378576929704
2011-02-02,0.148400455663751,0.13713764383751537,0.18852645621913156,0.17581012100028495
2011-02-03,0.14405858027243254,0.13712835178762456,0.18846766506765905,0.17599611095621503
2011-02-04,0.1440746018807732,0.1340609304834223,0.18897187759819625,0.17475132904948737
2011-02-07,0.1444950280123842,0.13394808967197058,0.18542674610836857,0.17361175412657745
2011-02-08,0.14458638328893267,0.13384516354942727,0.1847079829333337,0.17305021165593273
2011-02-09,0.14460428407536172,0.13392389201806673,0.1797922085281331,0.1684556857824658
2011-02-10,0.14353554038291702,0.13372890685426078,0.17952080263056855,0.16847753914258318
2011-02-11,0.14347143309045884,0.13373037959500586,,0.1683171834031548
2011-02-14,0.1388095739410692,0.1333167742056963,,0.1682312050213234
2011-02-15,0.13890635530076262,0.1264251498013022,0.1768952154535562,0.16717296383049238
2011-02-16,0.13925800788195308,0.1261781439722945,0.1767648589763809,0.1676058185031529
2011-02-17,0.13925578186333967,0.12591601230637448,0.17676776755277546,0.16496685024311372
2011-02-18,0.13802427613512783,0.12589174589332666,0.1729132420056244,0.16396013548376615
2011-02-21,0.13839492482943969,,0.17266179791265318,0.16609153886577901
2011-02-22,0.1360428445890618,,0.17295794499858522,0.16468531184554736
2011-02-23,0.13721233621028842,0.12554154289466116,0.17335791242803095,0.16456792823420333
2011-02-24,0.13689353760583575,0.12560005243208788,0.17339423416785446,0.1643660351368089
2011-02-25,0.13617448658771591,0.12331882779649656,0.17083583628912727,0.16473199709819242
2011-02-28,0.135448860593979,0.12316467473906799,0.16964656799773353,0.1649065655429489
2011-03-01,0.1358343626947532,0.12544650416068756,0.1704100919644853,0.1656377156863943
2011-03-02,0.13551069593702947,0.12321708514190656,0.17378586485841782,0.15909094075411803
2011-03-03,0.13201861664383469,0.12502914552159722,0.1741350962837464,0.15913754469065633
2011-03-04,0.13209643472006843,0.12498078119447463,0.16998008872534326,0.15875979535594853
2011-03-07,0.13143548496819224,0.12418060130907155,0.17150492432759532,0.15900612894506805
2011-03-08,0.13142185482908295,0.12223530161816656,0.17143710656000252,0.1584549888757763
2011-03-09,0.13147351336861973,0.12231087499007927,0.17130114643557387,0.15806608681395262
2011-03-10,0.13336363970427068,0.11984027094486084,0.17261009920737766,0.15793084605540317
2011-03-11,0.13245442177297112,0.11962924528726744,0.17417486119246872,0.158471706127682
2011-03-14,0.13313290533468572,0.11901778034839805,0.1957325079656902,0.15881114346445915
2011-03-15,0.13364916202217475,0.12018721306374147,0.24997611011044954,0.1624688826063871
2011-03-16,0.13585452240011348,0.12373881801535216,0.2620074372174213,0.1655416413926582
2011-03-17,0.13803777278858834,0.12481043556134894,0.262123392172794,0.16884793181593036
2011-03-18,0.13808061263630453,0.12410787031631494,0.26381526417129525,0.16829222368922203
2011-03-21,0.13881260702219042,0.12556015552342917,,0.17016454598671016
2011-03-22,0.1368918039163527,0.1257145006716119,,0.1701392587442647
2011-03-23,0.1369517741931613,0.12571148065199272,0.26470633519250125,0.1688259269752004
2011-03-24,0.13829624815102734,0.126211099260851,0.2643688518248567,0.1699208415172744
2011-03-25,0.13835303054051454,0.12472191659556342,0.2636337819024145,0.16773003982999007
2011-03-28,0.13777510299980442,0.12473375614227435,0.25873209992663826,0.1674975179111548
2011-03-29,0.13774423687275578,0.12468342034798681,0.2582254108243293,0.16750898851055185
2011-03-30,0.1377823600591246,0.12411839859292731,0.2599792944336583,0.16749636399303977
2011-03-31,0.13811329634865538,0.12106823425584134,0.2599439105838735,0.1679781795238678
2011-04-01,0.13997445757169835,0.12075700274296286,0.2584145790524323,0.16951660639072047
2011-04-04,0.13957451955711703,0.12066855188292376,0.2581698863584927,0.16865216155178878
2011-04-05,0.13924390093193814,0.12055609110750658,0.256713462001411,0.1661684451079198
2011-04-06,0.13805336397688656,0.12038950256898161,0.25649083173125165,0.1661015097539848
2011-04-07,0.13787967915096044,0.12038851980303542,0.25554786466987117,0.16613862448475816
2011-04-08,0.13820644308823632,0.119880529978044,0.25656642447750955,0.16638942329283382
2011-04-11,0.1382006536798458,0.11685542466460619,0.2566375604645142,0.16647680603276518
2011-04-12,0.13982223242653183,0.11752641633676322,0.2571368837428017,0.16761423996632274
2011-04-13,0.14017770912576255,0.11746539116737323,0.2574289043624147,0.16468118673457258
2011-04-14,0.139063703658063,0.1172684998929252,0.2566584919077557,0.16543660112270345
2011-04-15,0.1391590363378819,0.11732367914635565,0.25634026280052497,0.16541893204321964
2011-04-18,0.14229970066290076,0.11853794538071862,0.2561861385280301,0.16906112355996594
2011-04-19,0.14211862493005523,0.11841261682285086,0.2552051689923581,0.1689933743002537
2011-04-20,0.14483739726680292,0.11949878222010046,0.2563778379561931,0.1717047093630042
2011-04-21,0.14472665162498513,0.11963139557544078,0.25663457035571935,0.1711912720187381
2011-04-22,,,0.2557732307352025,
2011-04-25,,,0.2544465410504452,
2011-04-26,,0.11982982339706508,0.25495179620736497,
2011-04-27,0.1445664355442938,0.11748128366818773,0.2553969380391452,0.17144465665043723
2011-04-28,0.14449959095519535,0.11681215972629296,0.2564475385588502,0.17191221249444133
2011-04-29,,0.11681824027319064,,0.17174015563251135
2011-05-02,,0.11689214116531196,,0.1711752105624025
2011-05-03,,0.11707628696062052,,0.17107435489679887
2011-05-04,0.1463766938216741,0.11763233548841426,,0.17268362306899931
2011-05-05,0.1467591348344115,0.11841198627403994,,0.17308819250438767
2011-05-06,0.14654189751889227,0.118470245140269,,0.17313232071537665
2011-05-09,0.1465780063975021,0.11853975203796806,0.2551377293102767,0.17420336734887407
2011-05-10,0.14765342931172476,0.11892771727851428,0.25489464767003656,0.17306936628885475
2011-05-11,0.14795254076389436,0.11986892362881632,0.2549909538200475,0.1730231105387927
2011-05-12,0.1473378845124874,0.11993253198702725,0.2557582893309756,0.17342321322919432
2011-05-13,0.1473948097404,0.11788216490677624,0.25488450440626115,0.17341611555068231
2011-05-16,0.14472819483426208,0.11823873640491904,0.25520553017058983,0.17211967372821702
2011-05-17,0.1454494132601753,0.11817536061014378,0.2550799509000215,0.17268132990992535
2011-05-18,0.14613466226496824,0.1180011481601121,0.25547939209315884,0.1728429996889975
2011-05-19,0.14621557286746106,0.1179162568786428,0.25552104017364236,0.17273490797111707
2011-05-20,0.14554855135742828,0.11832842909214508,0.25551715056501234,0.17037730726377898
2011-05-23,0.14802580210938696,0.1183544807323666,0.2563788997976838,0.17269301163456222
2011-05-24,0.1480745589407759,0.11834123605757467,0.25523444518433175,0.1706820185978961
2011-05-25,0.1479861947337859,0.11577759830249373,0.2552564293220815,0.17081407507378776
2011-05-26,0.14402322276878166,0.11583862878733223,0.25613689472792217,0.17016752472767416
2011-05-27,0.14465936457814496,0.11416543411754716,0.25297068777848075,0.16639579740485747
2011-05-30,,,0.2524391241518638,
2011-05-31,,,0.254013609313269,
2011-06-01,0.1441770602527353,0.11912675864694795,0.25322814199649923,
2011-06-02,0.14520376654322373,0.11911330146669477,0.2542518865562491,
2011-06-03,0.14464926282901125,0.1180981271300764,0.2536895224677344,
2011-06-06,0.14246308734465246,0.11757334494891311,0.2536841169267859,0.1665853600467969
2011-06-07,0.14117979115849258,0.1175597922894759,0.25388017257189777,0.1666117817689282
2011-06-08,0.14142861608000615,0.1173696718761372,0.2538687534060847,0.1663776654016036
2011-06-09,0.14171361464010754,0.1140170857703989,0.25211112445858663,0.16306653280434183
2011-06-10,0.1403010601428408,0.11457045107807774,0.2522353341478838,0.16447591468388734
2011-06-13,0.14019040648969724,0.1145279960956705,0.2519740188162413,
2011-06-14,0.13734260177421034,0.1157834469563266,0.2523577953835619,
2011-06-15,0.13449800818681276,0.11857083957587215,0.252373153846749,0.16214848810418409
2011-06-16,0.13480542284925673,0.11849196064624523,0.25305749405587413,0.1591730491073085
2011-06-17,0.13471579736125944,0.1184498492856343,0.25190533461338277,0.16050441858993206
2011-06-20,0.13443317567606028,0.11839479790672335,0.2517625968099982,0.16077554649351056
2011-06-21,0.1360050350983548,0.11981635048435542,0.2509236085936409,0.16228476057137836
2011-06-22,0.13595295206890975,0.12021196996922942,0.25232188798057315,0.16210357811235962
2011-06-23,0.13802285396381464,0.12004353864251621,0.2523459767350617,0.1649625988918977
2011-06-24,0.1376255413950576,0.12098258595934641,0.2526883885745143,0.16512023193852782
2011-06-27,0.13755889147753836,0.1216337060080783,0.2526570452605095,0.16497039515404524
2011-06-28,0.13804815992223343,0.12288516190902797,0.2527810346515721,0.1655545323314759
2011-06-29,0.13983953842365485,0.12313201015985377,0.2536623518971729,0.16748764457509127
2011-06-30,0.1415385428099739,0.12381945938802867,0.2533823018548772,0.16908805754898712
2011-07-01,0.14185624557069637,0.12531919735419048,0.2534944889919069,0.16919786561055178
2011-07-04,0.1412578137727885,,0.25393966515081196,0.1689959720152274
2011-07-05,0.14105150882713563,,0.2539453207981442,0.16821547558913144
2011-07-06,0.14108731604272437,0.12532030857686113,0.25448643475174737,0.16840546823275732
2011-07-07,0.1416025908144652,0.12608543613910844,0.2542409323823185,0.16850316439175728
2011-07-08,0.14225374918273637,0.12651259844679713,0.25348073166270607,0.1706697813486321
2011-07-11,0.1419952263997636,0.1292944149534188,0.253616185497206,0.1753348451188481
2011-07-12,0.1424878678496219,0.12856016729241138,0.2540781705865442,0.1747228515258611
2011-07-13,0.1427079728782531,0.12859659468068596,0.25405020235028253,0.1751076978591985
2011-07-14,0.1431667777208559,0.12881903561821578,0.2539278774674307,0.18032775321602473
2011-07-15,0.1430326816304777,0.12898502737577625,0.25358123491777024,0.1819200736746121
2011-07-18,0.14396262233000223,0.12951039813414167,,0.18352066925520605
2011-07-19,0.14399689968933282,0.13141678651786476,,0.18212741536197938
2011-07-20,0.14479239134624391,0.13134274847289185,0.25418487288205593,0.18548027255275212
2011-07-21,0.14518207058375077,0.13208371327394944,0.2533030961207861,0.18467316796833305
2011-07-22,0.14540477780636735,0.13204951086180258,0.25394063432934577,0.19836899040823436
2011-07-25,0.14441353701244253,0.1319625305296688,0.2541573210146704,0.19888222329297758
2011-07-26,0.1432405446286571,0.13126481130582832,0.25402032203749014,0.19884499997046554
2011-07-27,0.14195845924088962,0.1345416971028917,0.2538472102362823,0.19936612664287412
2011-07-28,0.14184479804371175,0.134596489993988,0.25460212728998766,0.19914231103534322
2011-07-29,0.14202022192119423,0.13468628468264227,0.2547243541337878,0.1994099785277749
2011-08-01,0.14222090576173485,0.13482032986946374,0.25544149187877857,
2011-08-02,0.14225233337622825,0.13959562301138034,0.2555059998800638,
2011-08-03,0.14598767792777173,0.13974597473839434,0.25628181462530364,0.19976455200108945
2011-08-04,0.15263810701072333,0.15389211879389805,0.25608577493985735,0.20529976480440681
2011-08-05,0.1571851740797597,0.15346716319644604,0.26075103109358644,0.20611080817392394
2011-08-08,0.1622874541143989,0.17976113111154118,0.262308557051743,0.2123160392834432
2011-08-09,0.16434646396576047,0.1918559485190658,0.2629211204420493,0.21203464002255437
2011-08-10,0.16960860797213914,0.2018185260232446,0.26310548281518675,0.22868947207235538
2011-08-11,0.175526110539576,0.21214143869923943,0.26277733730933217,0.23269795668590798
2011-08-12,0.18047299086709948,0.2120811641116347,0.2626829820114896,0.23876972593947074
2011-08-15,0.18039873161401665,0.21431267977442287,0.26215188259534716,0.23906768568477052
2011-08-16,0.18027709675507114,0.21468160519705365,0.2622026255975943,0.23900952867710099
2011-08-17,0.18025539461748746,0.2146844883462994,0.26169149230782696,0.2390342144222495
2011-08-18,0.1906874091387264,0.22368988847002946,0.2620050411875118,0.2500491081413592
2011-08-19,0.19106871377407672,0.22450738556401925,0.264002507792114,0.2514201255790426
2011-08-22,0.19183992805898734,0.22449932932594183,0.2642795277563795,0.25215318249865276
2011-08-23,0.19172113679762118,0.22964230617805634,0.2650282800996866,0.25254085109549945
2011-08-24,0.19308847611927243,0.23042958206517491,0.26526349741744315,0.25406145507308076
2011-08-25,0.193969280899343,0.2313351535171626,0.26616421177089994,0.2542987444186821
2011-08-26,0.1934757239355186,0.23233117655247246,0.26617394696201885,0.2545166483841652
2011-08-29,,0.235869879768901,0.26639183275730965,0.25622506993215377
2011-08-30,,0.23537343255520274,0.2670283871212881,0.25620611639894075
2011-08-31,0.19666630018848832,0.23534096780990676,0.2660514102634378,0.2596419813034754
2011-09-01,0.1961887625310017,0.23489759216743927,0.2665633883278433,0.2586453416157349
2011-09-02,0.19877053995810054,0.23749594877947242,0.26657960722768587,0.26331597033695153
2011-09-05,0.203765065355128,,0.2674048031142243,0.27259536799048584
2011-09-06,0.2044956966588144,,0.2685237092354321,0.2730042233558254
2011-09-07,0.20923579843195592,0.2397173466575185,0.2695692069268512,0.27698300404088083
2011-09-08,0.209344888050919,0.23994207169556508,0.26771248762981303,0.2767185869611428
2011-09-09,0.21047200759982795,0.2425646599093549,0.26736628667032847,0.2822543266444728
2011-09-12,0.21153066797885214,0.24242056753160152,0.2685513738706694,0.28672436528852907
2011-09-13,0.21202125827811327,0.2428403519123768,0.26809640503690985,0.2885095109956597
2011-09-14,0.21264720204964732,0.24229563175192312,0.26838290438950146,0.29067402173501505
2011-09-15,0.21486214419073443,0.24334770684746018,0.26955345333292513,0.29518719113831554
2011-09-16,0.21409862764834928,0.24338347107772695,0.271067411289831,0.2950739678188531
2011-09-19,0.21584300706650053,0.2432658055649682,,0.2976240725989172
2011-09-20,0.2175199619758275,0.24173004960417543,,0.29930207583816043
2011-09-21,0.21754502074574977,0.24449707895912234,0.2701787237733252,0.30018864187898586
2011-09-22,0.22627854158640986,0.24846212648366628,0.25667897372393544,0.3075191299305033
2011-09-23,0.22490935300031942,0.2476391281915967,,0.30697399912185197
2011-09-26,0.22493841491857863,0.24994939561490673,,0.30848892048447185
2011-09-27,0.23147697635090386,0.25042149874254904,0.2065289208807579,0.3156625770415517
2011-09-28,0.2322252174441507,0.25161011782551485,0.19096042633414875,0.31573901581717595
2011-09-29,0.23205045187321754,0.25187142462044226,0.19044225052613672,0.3146419049258329
2011-09-30,0.2315659429057656,0.2541961824155486,0.18648956268301617,0.31519229183019565
2011-10-03,0.23180551143753897,0.25691663692024813,0.18672357881098892,0.31602750769035054
2011-10-04,0.23437925773189067,0.25884544429153034,0.1872611008592654,0.3163646818681603
2011-10-05,0.23886994400299638,0.2602398355387338,0.18693394178989772,0.3223289255143394
2011-10-06,0.24476054805906758,0.26153035247468476,0.18832831320938942,0.32573405788891885
2011-10-07,0.2446918648873567,0.26171629867190915,0.1888698961412031,0.32609244253278635
2011-10-10,0.24483003978840354,0.2662733089060655,,0.32755692055358154
2011-10-11,0.24480780832497598,0.26624558606717796,,0.32739947029620026
2011-10-12,0.24519374722772794,0.26666744619452665,0.1851313685631548,0.3282596091194544
2011-10-13,0.24514350846307467,0.2666462625858534,0.185542020914619,0.3289759121365323
2011-10-14,0.2457335760594267,0.26784282052530795,0.18579103252832418,0.32937033902923724
2011-10-17,0.24546211995268785,0.26899154637019085,0.18707502136005036,0.32986791310537833
2011-10-18,0.2455127777385116,0.2706131839190306,0.18774603320161523,0.3298804431573732
2011-10-19,0.24505010568149044,0.2711581217956884,0.18779267531516333,0.3300672850833634
2011-10-20,0.24522640071982604,0.27118087335350294,0.18830170798157386,0.3317518188016794
2011-10-21,0.24672695529429506,0.2721321570504064,0.18636862462778356,0.3340345166544132
2011-10-24,0.24712555798495406,0.27263719715599455,0.18830887927758197,0.33453486606159794
2011-10-25,0.24547872426959674,0.2733622463271901,0.1872505374498675,0.33451566319429676
2011-10-26,0.24549928802670357,0.2736884575700144,0.1867731269442352,0.3345207820806381
2011-10-27,0.2470633454335003,0.2776418978104136,0.18904009077235887,0.3436310302951675
2011-10-28,0.24706961272994962,0.27748387466367624,0.1898991794292738,0.34365234713006804
2011-10-31,0.2500671160703636,0.27959473476695423,0.19007109429011187,0.34483803251432166
2011-11-01,0.25187443903279644,0.28228454852236207,0.190828693617108,0.35267140383481194
2011-11-02,0.2515681219837504,0.28328930554960774,0.19166084832389194,0.3531485976753823
2011-11-03,0.2517571665701564,0.2845840336714482,,0.35470938426435783
2011-11-04,0.25134842551879266,0.2845594238401148,,0.35612073184038184
2011-11-07,0.251272161395958,0.2844623488450056,0.1913020601521243,0.3561867587737236
2011-11-08,0.2510201140015633,0.28491705934243416,0.1920624956646423,0.35671787011726974
2011-11-09,0.2522281142190676,0.28958177515025774,0.19284874397787077,0.3574748630308983
2011-11-10,0.2521711734616864,0.28961614258492413,0.1964945160009339,0.35739174862337403
2011-11-11,0.2536189118851673,0.29060509189090733,0.19540817666492763,0.3599843135655175
2011-11-14,0.2536800389505135,0.2907866840565895,0.194561353986018,0.359864429701981
2011-11-15,0.253295997747214,0.290688864477971,0.19459851638087727,0.35980579216398
2011-11-16,0.2527789919151688,0.2914872228385148,0.19488167542462656,0.35995810437600795
2011-11-17,0.2534846971312437,0.29240321281385623,0.1947596281412496,0.3600725369578791
2011-11-18,0.2538898443983304,0.29209108420000446,0.1944126923415218,0.3599747886426362
2011-11-21,0.25516027367267524,0.29316897472951986,0.19425378198447887,0.3629754595246324
2011-11-22,0.25507345074851817,0.2930464867707533,0.1939362119909242,0.3629682968717106
2011-11-23,0.25556948086029113,0.29419722495079353,,0.36356781013684236
2011-11-24,0.25553307922486085,,,
2011-11-25,0.25533126173574766,,0.1939172507581264,
2011-11-28,0.25842517333006787,0.29720707208077796,0.19471641382663737,0.3709975816355112
2011-11-29,0.2579163285406508,0.297184283836913,0.19752063761665584,0.3708133202970465
2011-11-30,0.2618435367838152,0.3033312185540579,0.19761327033873477,0.3748994850891742
2011-12-01,0.26184509917254634,0.3032682580780703,0.19851063360296461,0.37495744787327845
2011-12-02,0.26240486962931514,0.3015639969313795,0.19866154352793763,0.37532622412036093
2011-12-05,0.2621410927533665,0.30193180047836543,0.19873418206318585,0.3756821693560236
2011-12-06,0.26185136060876896,0.3016316220158996,0.1984809589145641,0.3755564779007045
2011-12-07,0.2610262912898864,0.30126385254526417,0.19997473869753432,0.37544874291664543
2011-12-08,0.2614682952914329,0.3027648085778836,0.20015541461887204,0.3768512148061972
2011-12-09,0.26164416787043093,0.30365826513411087,0.19909423069163476,0.3783617654306005
2011-12-12,0.2624981441137594,0.3042056287671796,0.20008320549370306,0.3805244779975128
2011-12-13,0.26285838102056447,0.3038085249989274,0.19934403941219495,0.37992864433233187
2011-12-14,0.26468386808578614,0.30421935993938637,0.19922016549468854,0.3806709180262239
2011-12-15,0.2648341000456004,0.3037129433856178,0.19989963326049798,0.3809276909674465
2011-12-16,0.26399135163263776,0.3027584348800033,0.19969255761495677,0.38046702872138566
2011-12-19,0.2640341392030208,0.3031886484755663,0.20039349352394495,0.38035968028059775
2011-12-20,0.2634349730452643,0.3060517765398845,0.20051851971181794,0.38128743321848674
2011-12-21,0.26344252732652856,0.30596634300486714,0.20155203647618802,0.3813999604098871
2011-12-22,0.2639986306303454,0.30559864767250733,0.2015987769714607,0.38063906565050476
2011-12-23,0.2641727745873249,0.30573737059149475,,0.3807867858208555
2011-12-27,,,0.20103554143776656,
2011-12-28,,0.3062250314647552,0.20097584936035603,0.38129372016048946
2011-12-29,0.2636938382598163,0.30614524203252463,0.1996528912042438,0.3817945420685836
2011-12-30,0.26274048281462836,0.3059311320408738,0.1997682802274985,0.3811085739060712
2012-01-03,0.26456827884152184,0.3061635913961627,,0.383062617690226
2012-01-04,0.2645541325706087,0.30593630120342613,,0.3834138536643796
2012-01-05,0.2647346617284367,0.3056248473094295,0.20006039670327613,0.38387838873388896
2012-01-06,0.2648088646666975,0.3049460838507733,0.1999234098053473,0.38389448449497177
2012-01-09,0.26461036031518975,0.30496196554294336,,0.3838718961037411
2012-01-10,0.2651655574274098,0.3048602680454013,,0.38579205108127496
2012-01-11,0.2648662243700408,0.30471165358104774,0.19822283491717765,0.3849405972384897
2012-01-12,0.26451275466448376,0.30364535273431703,0.19839989524930007,0.3828428037854969
2012-01-13,0.2643941619276563,0.30366125380264375,0.19901822126076477,0.38279469981635755
2012-01-16,0.2641109672832636,,0.19947764250229794,0.3829009963859156
2012-01-17,0.26429184784213033,,0.19978914873675538,0.38107087807880874
2012-01-18,0.2634059998122765,0.30403619318238706,0.19905142894880754,0.38033022817039586
2012-01-19,0.2634236827660241,0.3039630329268458,0.19966483606491275,0.3802499362087227
2012-01-20,0.26294960344857754,0.30386490709077557,0.20068177041919397,0.38023300109125
2012-01-23,0.26305549603807293,0.3036398417752396,0.20010428199324165,0.37824969624853033
2012-01-24,0.26299403138329036,0.30277876903253187,0.200141128849548,0.37629769555310283
2012-01-25,0.2630688495511676,0.30302478564356794,0.2001607601324276,0.3688630978519586
2012-01-26,0.2637073539065005,0.3025299489331411,0.2002016550971683,0.36934371649085707
2012-01-27,0.26356204013171763,0.30253384910732883,0.1999077550809263,0.3695710039056425
2012-01-30,0.26394407275646775,0.3024506172480231,0.1998424159164927,0.36927941588475427
2012-01-31,0.26361995013753775,0.30239686556693596,0.19896227676229034,0.36936327555932186
2012-02-01,0.26486760624125366,0.3012430568193393,0.198866482006063,0.3705783727391278
2012-02-02,0.26452059398502176,0.30120659078822576,0.1992167969325951,0.3696776166796056
2012-02-03,0.2635862504724315,0.3017295179380906,0.19918853037803097,0.366933813128969
2012-02-06,0.2588072032570372,0.3016633090482502,0.19909832243358483,0.36627213160627486
2012-02-07,0.255723430048287,0.2993334840450211,0.1990887153006335,0.36220263245024753
2012-02-08,0.2507917404418314,0.29927652247692355,0.19894334719358397,0.36218874341408397
2012-02-09,0.24953367427591733,0.2908054490035775,0.19868362445749066,0.3505840695890185
2012-02-10,0.2456571377543762,0.291012448293439,0.19865313230906875,0.3493474719998182
2012-02-13,0.24229632155074932,0.2735200007314635,0.19880302176986933,0.34475352552284855
2012-02-14,0.2387219030500946,0.2659874723863769,0.19806880342835484,0.3446246651291847
2012-02-15,0.2386252059965236,0.2578445040872871,0.20063882176281794,0.3446318387718453
2012-02-16,0.2386350846728668,0.2505697645969395,0.19967790377974243,0.34462626590952555
2012-02-17,0.23854247663299494,0.2505092494464664,0.20032774655275284,0.3358600277522571
2012-02-20,0.22927468401263268,,0.1987153192122947,
2012-02-21,0.22879081516361438,,0.19870682561760142,
2012-02-22,0.2284135387717255,0.2488997077287691,0.19177738415796275,0.3345922935233104
2012-02-23,0.22830048652222393,0.24846536840857683,0.1892451897190165,0.3343685976100527
2012-02-24,0.22745323916781918,0.24846653356098902,0.18775223630418084,0.33431992585653114
2012-02-27,0.2264836739178892,0.23936944784775047,0.18723493613867664,0.33357030406397303
2012-02-28,0.2264834166197493,0.2382082138208511,0.18738747847818973,0.3332325468294968
2012-02-29,0.2246442034657171,0.23837161892613212,0.18735224294668354,0.3327802305786748
2012-03-01,0.22497913388055177,0.2340320490063687,0.1864562353757944,0.33198027784288875
2012-03-02,0.22236187086053938,0.2335289701822915,0.18667829788655332,0.33198817190268587
2012-03-05,0.21614946529390267,0.23239708594802402,0.18687729121360913,0.3299320041606495
2012-03-06,0.2175359617738674,0.23278256775115397,0.1861981395970785,0.3336939892320156
2012-03-07,0.2133575875022426,0.22978476418120738,0.1827642512220531,0.3294120007940337
2012-03-08,0.2138758520418823,0.23011664078368935,0.18407428908198223,0.32187804356802513
2012-03-09,0.21105821905882527,0.23007966651284018,0.18468932705418015,0.321237281643178
2012-03-12,0.20959167604043294,0.22934488504268422,0.18407321905340665,0.3179476299020981
2012-03-13,0.20975396728369078,0.2273958689356347,0.1829512345431037,0.318628538452841
2012-03-14,0.20939830119990432,0.22418371914989313,0.1840434560050333,0.31261251659021183
2012-03-15,0.20748305949393453,0.22364319543997438,0.18411405735017003,0.30739566116284217
2012-03-16,0.20741930409631915,0.2199524231667627,0.18350349476052946,0.30628348839053104
2012-03-19,0.20519593833366093,0.2198454026701083,0.18350058017497933,0.30484694911928817
2012-03-20,0.204256520887753,0.21967181801859478,,0.3019422624569367
2012-03-21,0.20315343685751477,0.2190552042472387,,0.30201808797696134
2012-03-22,0.1913827132910554,0.21822737763303868,0.18290930820865117,0.29965076644280564
2012-03-23,0.19130680719592147,0.21814855462959976,0.1828055865071612,0.2983849317771141
2012-03-26,0.19150532885287969,0.21832046761272567,0.1806529472352741,0.29694710254038237
2012-03-27,0.18380935721693487,0.21835804417898474,0.1803050367076611,0.2878957660342241
2012-03-28,0.1831985158215967,0.2140062897972965,0.17874948663325477,0.2878575690062531
2012-03-29,0.18391923276510974,0.20854320098351736,0.1790650069506708,0.28666695039514584
2012-03-30,0.18290324624890114,0.20847031517068634,0.1788529966838782,0.2777518402661342
2012-04-02,0.18381398038606628,0.20640286988110637,0.17541656220575094,0.27774032468955195
2012-04-03,0.17995966456600848,0.2061442126893286,0.17532869634520726,0.2780306790433748
2012-04-04,0.17814499003052253,0.20435761511894562,0.17780802729854692,0.2795193886884556
2012-04-05,0.17085432607195133,0.2041662539318092,0.1764959850883565,0.2781256019887208
2012-04-06,,,0.17430742888435927,
2012-04-09,,,0.17565899140679575,
2012-04-10,,0.20234641129003939,0.17298755197124543,
2012-04-11,0.17107360536829003,0.19781480567751722,0.16909560927419387,0.2763810371613362
2012-04-12,0.17027769621679748,0.19639934518980062,0.16934755290111,0.2703843697634134
2012-04-13,0.17097441016677112,0.1961047946252337,0.16958560813144136,0.2694868390537634
2012-04-16,0.17062332144425507,0.19468502713015884,0.17148610396556777,0.2692568160675615
2012-04-17,0.17197806263036752,0.1952041947052062,0.16949604471048135,0.27033141158802965
2012-04-18,0.1713885934041922,0.18994801729014277,0.17126353472903785,0.27137718361937646
2012-04-19,0.17117618905772772,0.1902186676334184,0.17121011859558383,0.27054021993866517
2012-04-20,0.171097714581572,0.1898279308416924,0.16981025737670302,0.26999566440560036
2012-04-23,0.17299629073309747,0.19022331138375226,0.16934434261505238,0.27276756064482216
2012-04-24,0.1723499667078882,0.1888651118343605,0.169634345856326,0.2728484660388556
2012-04-25,0.17033288596947171,0.1874051304373038,0.16965247647915896,0.2738255978618881
2012-04-26,0.16983871837223152,0.1856107048038037,0.16916344567451458,0.2734644659735379
2012-04-27,0.16982997102713185,0.1845627953847709,0.1680464472143412,0.2713383638122211
2012-04-30,0.17002730652385584,0.1846452402238989,,0.2693415747786068
2012-05-01,0.16622128168572947,0.18307802199178774,,
2012-05-02,0.16675179955977656,0.1823827676633795,0.16652941553708073,
2012-05-03,0.16178123245760243,0.18029080353866056,,0.2686697599427106
2012-05-04,0.16102112709853292,0.18144090425366313,,0.26933270425780176
2012-05-07,,0.17528801235371685,,0.2701692559942739
2012-05-08,,0.17542333788894487,0.16671557010517624,0.2583544692898508
2012-05-09,0.16041112094404486,0.17191186857910407,0.16745411365090263,0.2583108818620476
2012-05-10,0.1597069652283951,0.16687019956829738,0.16756770130032853,0.2548538704088559
2012-05-11,0.15979864392353793,0.16559481894423472,0.16577925661940962,0.243102355278726
2012-05-14,0.16229889586204357,0.16448557725155585,0.16523845984314026,0.2445815040565103
2012-05-15,0.161853420266041,0.16444221574994167,0.16566010410882234,0.2425518109719302
2012-05-16,0.15968617316694855,0.16438712186352655,0.1640331709438759,0.24014912269519206
2012-05-17,0.16063628996144927,0.1650804152403032,0.16331520112541537,
2012-05-18,0.15966748204902215,0.15652301612897015,0.168605707518619,
2012-05-21,0.15983596078065784,0.15762485301338497,0.1668931656236687,0.23999756195438204
2012-05-22,0.16194809233985924,0.1553441920793486,0.16453417506387696,0.2410311477129008
2012-05-23,0.16600246581418662,0.15469843075518086,0.1669124964203677,0.2417789021334639
2012-05-24,0.16597542930730508,0.1545816562859569,0.16588805276759777,0.24221742056715195
2012-05-25,0.16518007393277492,0.15267031641986303,0.16513553428066063,0.23829199908125342
2012-05-28,,,0.1596220548882097,
2012-05-29,,,0.15991894954439217,
2012-05-30,0.1627151593837381,0.1521310219750443,0.15935200151424558,0.2390214598761637
2012-05-31,0.16274240290273415,0.15217920708997573,0.15974018433945697,0.23810030393568618
2012-06-01,0.1625104315848189,0.15399047358098292,0.1601291719079055,0.24028905203486545
2012-06-04,,0.15384691306368783,0.16203481669157696,0.23991997850298566
2012-06-05,,0.15050278955979016,0.16166637804832298,0.2399723366757184
2012-06-06,,0.1484657387394373,0.16347913832251734,0.23728837805155523
2012-06-07,0.163242196354461,0.14845578350327462,0.16420209641942463,0.23677758365654988
2012-06-08,0.16301710827777083,0.13648315034931435,0.16705355378646675,0.23518677614264943
2012-06-11,0.15813738542599068,0.13770759968572324,0.1678469881862797,0.2239160093232092
2012-06-12,0.15836059472171624,0.1386143621431429,0.165523116246111,0.22380877089166004
2012-06-13,0.15218241106570748,0.13831262592868324,0.16554036917253281,0.21558672748336
2012-06-14,0.15218729915778945,0.13909357548231474,0.1633995859160155,0.21539497199144436
2012-06-15,0.1513549027899511,0.13977686367153339,0.16323128101454903,0.21578073000406972
2012-06-18,0.15133512483825592,0.13627140138711585,0.16487469622960654,0.2157551621440171
2012-06-19,0.15328047283464127,0.13496150243302898,0.16399932103267578,0.2174548726645207
2012-06-20,0.15342983729357917,0.13315551393570918,0.16299333391105406,0.21743879622315618
2012-06-21,0.15322191790456208,0.13650858514042088,0.16308129201421304,0.2146990768027642
2012-06-22,0.1534013240772109,0.1357400458384864,0.16169779070033188,0.21221153822431327
2012-06-25,0.15200762814801247,0.13775767426306634,0.16095726893046564,0.21064575247698297
2012-06-26,0.15115610628013315,0.1378347087189954,0.16049288724158534,0.2105901048653843
2012-06-27,0.14892089716323295,0.13719380009650173,0.16071089584581383,0.20913457348350922
2012-06-28,0.14890422660654712,0.1310366471256578,0.16039457564268275,0.20886439586794686
2012-06-29,0.1501407004866703,0.13538657092919382,0.1616146886122514,0.21925934009636908
2012-07-02,0.1509590933427183,0.13498382980764298,0.16049058667040322,0.21985422652854966
2012-07-03,0.1507475737825618,0.13469395591717317,0.16062596941552498,0.21736235988456315
2012-07-04,0.15051234239457614,,0.15948196403885137,0.21709673007549424
2012-07-05,0.14956006658596416,,0.15910196335432913,0.21712392386962612
2012-07-06,0.1491275579337029,0.13415589548312298,0.15925858504943716,0.21913909107785526
2012-07-09,0.14866650630986547,0.13343243740428198,0.16055204336260118,0.21805870656542756
2012-07-10,0.14893375626854663,0.13382619487343966,0.16063297156164383,0.21701494489008016
2012-07-11,0.14546021805516252,0.13214568732483103,0.16041799526560832,0.21652768826439292
2012-07-12,0.14593764674063306,0.1323656938298804,0.16142180576224505,0.21224946641045694
2012-07-13,0.14622386615787714,0.13424186482758774,0.16047497837829755,0.2118319358931191
2012-07-16,0.1460951031822661,0.13423217151571273,,0.21084939661374785
2012-07-17,0.14602972392287059,0.13456540926982422,,0.21057800024955753
2012-07-18,0.1451883280859474,0.13432731451491395,0.1605350708998781,0.21146302002790762
2012-07-19,0.14520309365368272,0.13436390904291856,0.16044420733566708,0.20846794091777857
2012-07-20,0.14603581064573706,0.1351731764681537,0.16081935149035465,0.21237820299365706
2012-07-23,0.1489303442461834,0.1356095130178842,0.16176021934506668,0.2155623810363991
2012-07-24,0.14909179843936002,0.13540405550696866,0.16118618140289717,0.21625350341495742
2012-07-25,0.14879509840665392,0.13523926917664933,0.16198028065613518,0.2158214564406313
2012-07-26,0.15004006879244147,0.13717253234640167,0.16183954926488994,0.22288146968205
2012-07-27,0.15035898608258838,0.1396723007250815,0.1618341639735198,0.22505275068564312
2012-07-30,0.15125122263130414,0.1396628741878602,0.16220903549275795,0.22480651421358513
2012-07-31,0.15135792791229216,0.13933322465835338,0.16245619965175315,0.2249328263661903
2012-08-01,0.152420794170389,0.13913833186639563,0.16196984288628985,
2012-08-02,0.15277444328653847,0.13956008211629797,0.16187595869629362,
2012-08-03,0.15486520769053333,0.14193724941215657,0.16269867092406387,0.23446212741677444
2012-08-06,0.1541840111067904,0.14195429006893276,0.16486164747101634,0.2348870872118037
2012-08-07,0.15354862629255941,0.1416073984279241,0.16529289235443104,0.23592547797300292
2012-08-08,0.1535346521919911,0.14160487104926658,0.1657205313144114,0.23495308771993614
2012-08-09,0.15120314664726395,0.14018768397537634,0.1660762723724892,0.23451263526623
2012-08-10,0.1512046051829782,0.14020650092464623,0.16652306100993836,0.2338611243258729
2012-08-13,0.14910466507202114,0.14020615803359732,0.1658535038834293,0.23383317799894837
2012-08-14,0.1493017861704713,0.14018446562153716,0.1659679584124445,0.23197240700098548
2012-08-15,0.14950199744557113,0.14017984708934136,0.16529032194266055,0.23195041040027417
2012-08-16,0.14946161221456689,0.14011625327914268,0.16728500846328617,0.23150688786176088
2012-08-17,0.14945018175985564,0.13984143761316395,0.1673241249439084,0.23159974589009333
2012-08-20,0.14924098667122135,0.13982952235147061,0.1671592991242841,0.23160943655454974
2012-08-21,0.14890358748452096,0.13969617308696752,0.16701172108284065,0.23197489131427723
2012-08-22,0.15027243429363363,0.13888781799182903,0.16402246298465942,0.23298270623061323
2012-08-23,0.15026412541315956,0.139370959480454,0.1641169779246627,0.23216678484707878
2012-08-24,0.15025632616931478,0.1395456810458376,0.16352946443345573,0.23211151407093147
2012-08-27,,0.13943863427340258,0.16284735446170928,0.232608540729955
2012-08-28,,0.1394339152561808,0.16301954456876516,0.23290461981243513
2012-08-29,0.1503784769623236,0.13942793792170707,0.1625528536212902,0.23293980338414885
2012-08-30,0.15016026469269744,0.13982917884842394,0.16298396071045734,0.23302506614000673
2012-08-31,0.15012212419477755,0.13981791271161706,0.16435068035410685,0.2336245914377202
2012-09-03,0.15056863963682676,,0.16456634132597323,0.23385474936571882
2012-09-04,0.1519534008944467,,0.16400937886238534,0.23425925556274332
2012-09-05,0.15198521100709383,0.13957979569397377,0.1646823753602189,0.2341820589696586
2012-09-06,0.1548443173445055,0.1423264386674998,0.164676860019136,0.23879296208339165
2012-09-07,0.15487706304588184,0.1422868396740311,0.16732453869175043,0.2388288225323594
2012-09-10,0.154289307247884,0.14078206678290067,0.16696727379865814,0.23811316483910655
2012-09-11,0.15360805917624726,0.14054161144441896,0.16702141501301881,0.2385988965606891
2012-09-12,0.15355389499799002,0.13993997793883756,0.16861433387347716,0.2384029059958445
2012-09-13,0.1535909990883437,0.14163003283395995,0.16627206323608648,0.23336628296766782
2012-09-14,0.15296723719648908,0.14171046700558512,0.1666465837177546,0.23476207354196052
2012-09-17,0.15295726311953428,0.13961679823227074,,0.23305990977325275
2012-09-18,0.1522042383155449,0.13961879128728255,,0.23373919655278758
2012-09-19,0.15213630704776357,0.1394002244785226,0.16742868745051603,0.23383287847041234
2012-09-20,0.15235648958631762,0.13940210284844287,0.16889037253086414,0.23293310055535008
2012-09-21,0.15160260518696536,0.13930851734988614,0.16749934401918104,0.23308834883439566
2012-09-24,0.1516184725209197,0.13927562784706485,0.16724865256703197,0.2331660495274148
2012-09-25,0.1517018649536025,0.14009225636858236,0.16729213812230673,0.23311473055090556
2012-09-26,0.1531990409926176,0.1399481714444763,0.16966961306482195,0.2364829922791345
2012-09-27,0.15322679284651908,0.14051341684265653,0.1697186549350648,0.23583375342446394
2012-09-28,0.15260137554930042,0.13935616465120404,0.169428886752648,0.23768881659921098
2012-10-01,0.15382370347127783,0.1393330564684791,0.16977222160204491,0.23803903802623974
2012-10-02,0.1534382904892171,0.13913977494391463,0.16627964646088988,0.2380432295287756
2012-10-03,0.15347303844637672,0.13919353283767652,0.16612188066775505,0.23793260966797283
2012-10-04,0.15303994172164148,0.139448237055433,0.16647165241272657,0.23780873533875957
2012-10-05,0.15318567746238426,0.13907955522559726,0.1665915339667197,0.23849749185527808
2012-10-08,0.1526333756528888,0.13904849999780725,,0.23796537084573452
2012-10-09,0.15192255583743045,0.13900110759842013,,0.23805070322413108
2012-10-10,0.1520233060797322,0.13929878673059384,0.16874558493577152,0.2379062238052087
2012-10-11,0.15036108703821227,0.1370542322590257,0.16873771804403787,0.2371751743542512
2012-10-12,0.15036371730707965,0.13676575944230412,0.16570410438401656,0.23462778524311872
2012-10-15,0.14666610596631477,0.13588261236276145,0.16576829852430006,0.23471270207107836
2012-10-16,0.1474039441238371,0.1353706699836175,0.16673590997806817,0.2369240877992049
2012-10-17,0.1473944158120079,0.13546331605462045,0.16638250755492817,0.23710904007711106
2012-10-18,0.14621501725302807,0.13384707696656437,0.16876744660675844,0.23390623877098873
2012-10-19,0.14554417689868512,0.1358637212950853,0.16837736520500196,0.2346800646825475
2012-10-22,0.14554852572957452,0.13557781723442638,0.16809475701390483,0.23161720263868243
2012-10-23,0.14489629245141075,0.1371829466717295,0.16725220922567402,0.23239960414618038
2012-10-24,0.14480983425360858,0.13671459047065568,0.1656683475502451,0.23078429862443448
2012-10-25,0.14480979135680663,0.13668304539694331,0.166420120445306,0.23036317579615548
2012-10-26,0.1446481470281859,0.1353547008008319,0.16479888819562952,0.226391172900808
2012-10-29,0.14223128895538095,,0.16440238921449807,0.22551151114942677
2012-10-30,0.1424346288044386,,0.16493343221276116,0.2252485406376208
2012-10-31,0.1433647472287514,,0.16550168194951073,0.22540018437082235
2012-11-01,0.14446904684681197,0.13589694374369773,0.16516132756853555,0.22564505437910207
2012-11-02,0.14431072965757605,0.13652265308220693,0.16539879237877944,0.2243872114333141
2012-11-05,0.14416178129421536,0.13644149795194108,0.16554194283652823,0.22509063974495078
2012-11-06,0.14342752372841983,0.13665575904807814,0.1655085079988894,0.22375260461189775
2012-11-07,0.1446004730742693,0.1407920672874866,0.16544813731073618,0.22539170223662106
2012-11-08,0.14463129967436086,0.14144012999102756,0.16654123179033925,0.22324897811651054
2012-11-09,0.1419618254831917,0.13957289004596143,0.16568813073981292,0.22309693607438777
2012-11-12,0.14181994690718697,0.1395721862583166,0.16610887775611397,0.22282548248383033
2012-11-13,0.1418509957138131,0.13955449125562008,0.16589967080391455,0.2230144457570539
2012-11-14,0.14251600657839916,0.14062824702708784,0.1658647283901667,0.22061926385137468
2012-11-15,0.1401105739785931,0.1405980350321809,0.16763840908438482,0.22012272595597573
2012-11-16,0.14110024291247958,0.14068693699559162,0.16965672467765086,0.22116328952287817
2012-11-19,0.1446300158380763,0.14249965017571395,0.17039946734857,0.22428241001767651
2012-11-20,0.1435102546970496,0.14224345527947577,0.16471254041944158,0.22285818356017714
2012-11-21,0.1421763395829222,0.14211304870657082,0.16508960069847808,0.219158907307747
2012-11-22,0.14215603214819258,,0.16578731755710568,0.21888642883770937
2012-11-23,0.13996777628007073,,,0.2191135205340033
2012-11-26,0.13524657375220206,0.14042693892498703,,0.2170714804041381
2012-11-27,0.1335109782300619,0.140214907473284,0.16320812892890063,0.21707874458298215
2012-11-28,0.13351120180151718,0.1388798384549913,0.1642575233267021,0.21397116970999905
2012-11-29,0.1319444785796111,0.13898696578749992,0.1647590751367493,0.21456986083799098
2012-11-30,0.13184331207159947,0.13897584578743952,0.16485326592169555,0.21464034925435282
2012-12-03,0.13071672996645287,0.13916125591605763,0.16458682080373963,0.21234509798100057
2012-12-04,0.12976748779222336,0.13914595225609971,0.16458508388530688,0.2123536961715655
2012-12-05,0.1297850011551177,0.13754282028519604,0.16384873199568137,0.212352427997397
2012-12-06,0.12978145310774203,0.13754171710187155,0.16310882026214799,0.21228214717556934
2012-12-07,0.12942622174997478,0.1326873696729753,0.1610606518496064,0.21230928665006896
2012-12-10,0.12941727182376614,0.13268547509313972,0.1605280501557245,0.21236441500919803
2012-12-11,0.1293120497222884,0.1327518243957571,0.15874724173557248,0.21274445389044377
2012-12-12,0.1293591552664354,0.12899028573589316,0.15806937314874875,0.21188100538220828
2012-12-13,0.12942769979665486,0.12935986090941945,0.15649562886345086,0.21104277292179213
2012-12-14,0.1272773068998011,0.12907987085357375,0.1543455948194554,0.20953429730888778
2012-12-17,0.12702619062047624,0.12869689514619984,0.15394024451086946,0.2095317524550751
2012-12-18,0.12625733299731584,0.12866930774680796,0.15424537186112203,0.20948307948329303
2012-12-19,0.1255569067217256,0.12874053655555662,0.15738873620768715,0.2092451182961506
2012-12-20,0.12437688598332586,0.12811893262241567,0.15851667740068684,0.20547552775513075
2012-12-21,0.12447692654877962,0.1281467890618868,0.15760900910454026,0.20553084800233512
2012-12-24,0.12304440660484571,0.1282034561139467,,
2012-12-26,,,0.15830687263866575,
2012-12-27,,0.12752678566843306,0.1580758151367038,
2012-12-28,0.1229750741074809,0.12851906668891327,0.1579796196159554,0.2053332689493692
2012-12-31,0.12167572565639176,0.12649127139294233,,
2013-01-02,0.1242175605242883,0.13084315659395399,,
2013-01-03,0.12378519865016104,0.12870259267457262,,
2013-01-04,0.12411777696103403,0.12870834086783048,,0.2051954596482351
2013-01-07,0.12428839024600558,0.12830294780899185,0.15845769267748108,0.19432843603362168
2013-01-08,0.12405937251017031,0.1283635194635856,0.1586146314565937,0.19377369686601031
2013-01-09,0.12405920318005735,0.12379479850366085,0.15824187372553752,0.19323172225924695
2013-01-10,0.12377597470402707,0.12416518764309845,0.15819080907373423,0.19311940387338158
2013-01-11,0.12383233659837714,0.12390774327696094,0.15776257950756076,0.1922278935876568
2013-01-14,0.12297945485239102,0.1231033980549014,,0.18939296840601688
2013-01-15,0.12222679048294573,0.12306429123521695,,0.18949051761158353
2013-01-16,0.12227748141143883,0.12242863651920831,0.16121075043923908,0.18937649341861457
2013-01-17,0.122057090712608,0.1226235761930053,0.16119952395689768,0.18948682127794683
2013-01-18,0.121401425503917,0.12240762634237098,0.16553230936762484,0.18912143160787256
2013-01-21,0.12135670137021853,,0.16709786843692717,0.1884272558660932
2013-01-22,0.12023236545682221,,0.16713956461244744,0.18845261031515173
2013-01-23,0.11618802633200971,0.1203849554212708,0.1696953040459915,0.18854230066225214
2013-01-24,0.11656913582843277,0.12031327149079545,0.16920597356732064,0.18764109914450125
2013-01-25,0.11659364946285443,0.12012611517555874,0.1733633266967998,0.1876427278503918
2013-01-28,0.1152340903019993,0.11987492841749316,0.17400561904458658,0.18269933770804694
2013-01-29,0.11490297178682272,0.12000616212456865,0.17250505958445808,0.17832918829562455
2013-01-30,0.11397162031519616,0.1192043297317603,0.17505236719347142,0.17748244682407413
2013-01-31,0.1134649862762876,0.11850456183632332,0.17491856752691765,0.1783556757750743
2013-02-01,0.11294632911918978,0.11839186208007976,0.17475030403192449,0.1690231272390993
2013-02-04,0.11460147507940462,0.11969184895228768,0.17336482257613367,0.17291106045011104
2013-02-05,0.11083931645024472,0.11840089629833474,0.17344366614386783,0.17190301425591925
2013-02-06,0.11077039689916238,0.11553763545338996,0.18035810906718383,0.17271267301107485
2013-02-07,0.11169370848809342,0.11557780592973207,0.1795480613002845,0.16004874004785574
2013-02-08,0.1119324712205803,0.11558287662068453,0.18152733758316292,0.16021683248345173
2013-02-11,0.11195267497249622,0.11548533434575085,,0.15856351155149304
2013-02-12,0.11268245512647637,0.11489569940622381,,0.15906074049713845
2013-02-13,0.11264720887619259,0.11196029040666265,0.18146066376491896,0.15908869510801457
2013-02-14,0.11271026917852414,0.11193374270746566,0.18129922432435366,0.15931553769155632
2013-02-15,0.11238316455019912,0.11177357822977062,0.18215570963545857,0.15965225596799343
2013-02-18,0.11242675300936827,,0.18382575317782973,0.15939523928429852
2013-02-19,0.1130885289412729,,0.18395429088760767,0.16118637016071724
2013-02-20,0.11284776126891542,0.11328311366564449,0.1832364542454369,0.16099697861702145
2013-02-21,0.11519132454463507,0.11368715611835616,0.1828007708753627,0.16418418068704316
2013-02-22,0.11356988065839294,0.11427081405956431,0.18266331538499825,0.16638395939395417
2013-02-25,0.11361816242458149,0.11734296198992923,0.18511976968171595,0.1662356524868736
2013-02-26,0.11538148243151376,0.1176254014300609,0.18788200311338032,0.17069796023545095
2013-02-27,0.11560812047418136,0.11889790547730304,0.1882951931852806,0.17158245978502487
2013-02-28,0.11558317272302934,0.11853571428477057,0.19164861559885085,0.17193180519864024
2013-03-01,0.11557128190632902,0.11854879469977603,0.19161926117442707,0.171490136287974
2013-03-04,0.1154145241062395,0.11869643540551839,0.1916215500650505,0.17108863526904536
2013-03-05,0.11457034871758663,0.11925451362171971,0.19009962534997477,0.1742173690037395
2013-03-06,0.1144880188010904,0.11925625900345296,0.19190840640114368,0.17323164937436028
2013-03-07,0.11093634953050513,0.11863036394538162,0.191915095228556,0.17204748682907353
2013-03-08,0.11122066794321489,0.11846869154360608,0.1949208245298119,0.17267174786420594
2013-03-11,0.11125091953556811,0.11851703773433075,0.19486742813952218,0.17201083069672124
2013-03-12,0.11124025751760176,0.11857767720090234,0.1949303393987981,0.1720539980907441
2013-03-13,0.1114397579887857,0.11858133442342678,0.19429552248828086,0.16559215296959673
2013-03-14,0.11153211383738419,0.1181698779419469,0.19476483209346965,0.1666837772298058
2013-03-15,0.1097841309055874,0.11805376440622366,0.19523167779387976,0.16689220042798145
2013-03-18,0.10989267755769996,0.11835440554894872,0.19965878041075835,0.16649798370786906
2013-03-19,0.10976037188053431,0.11508635515997434,0.20061970364566187,0.16741406986538848
2013-03-20,0.10973061131038393,0.11531160212277967,,0.168073972728562
2013-03-21,0.10987318334412514,0.1156012334339468,,0.1662309974673234
2013-03-22,0.10986330753564605,0.11592729940500818,0.2023123171312362,0.16612455625506078
2013-03-25,0.10985747127902531,0.11603143448422205,0.20299827098346793,0.166183553952019
2013-03-26,0.10984313196024524,0.11432903053715827,0.20328413031016493,0.16605389739818335
2013-03-27,0.10737606360461241,0.11422385621318129,0.20241246706627672,0.1665744354168329
2013-03-28,0.10744548095846469,0.114234108781656,0.2035062894717703,0.16615478017840363
2013-03-29,,,0.2016345560279429,
2013-04-01,,,0.2043405567590384,
2013-04-02,,0.11440520008081041,0.20475764827150517,
2013-04-03,0.10823208749819846,0.11546374728637389,0.20732282991643522,0.16722669129976722
2013-04-04,0.10817351132297678,0.1155730353134289,0.20918772226425425,0.16736562803966168
2013-04-05,0.11033868949688615,0.11576274215539135,0.208838481518113,0.16393145415004526
2013-04-08,0.11042435653341014,0.11600321510559852,0.21148744015829668,0.1638873682448447
2013-04-09,0.11067543835230456,0.11501905550253978,0.20993397463287794,0.16123255498826308
2013-04-10,0.11137647222453954,0.11581910372620623,0.21004622246072813,0.16319347150045768
2013-04-11,0.1112270985278838,0.11519437327224558,0.2111863761842666,0.16329702419164735
2013-04-12,0.11118101726057202,0.11507003380701418,0.21144139873849774,0.16476742450187784
2013-04-15,0.11125587420721574,0.11988643191501423,0.21047676837445942,0.16479076642101642
2013-04-16,0.11100393358064603,0.12145419812357065,0.21066310967905594,0.16296057770803504
2013-04-17,0.11151709130291598,0.12320592993471007,0.2104604110409213,0.1646168653297964
2013-04-18,0.11149593539096288,0.12323841309315503,0.2109442853513797,0.16407947250340169
2013-04-19,0.11083634454016884,0.12382056279500626,0.2109727545142014,0.16420783766753685
2013-04-22,0.11047528128562673,0.12384548382090313,0.21192936472470497,0.1633258551792526
2013-04-23,0.11382925632859797,0.12374443756084438,0.21191411180098993,0.16853590536464416
2013-04-24,0.11378515171838378,0.12336689919376731,0.21380628018192455,0.16953670634023366
2013-04-25,0.11372246840497391,0.12345750743735708,0.21133144280062927,0.1658443210603136
2013-04-26,0.11174054514717505,0.12340063980684499,0.21113265886992635,0.16576516528288798
2013-04-29,0.11189550363179923,0.12330054452135411,,0.16670994159135097
2013-04-30,0.11212186454170853,0.12257747589989325,,0.16578080012299742
2013-05-01,0.11217918930700051,0.12328097353687857,0.21130639745397464,
2013-05-02,0.11211559609561396,0.12383974170339206,0.21184000447966383,
2013-05-03,0.11210860362651086,0.12213314944932488,,0.16723429787246263
2013-05-06,,0.12214150622929011,,0.1645674685235914
2013-05-07,,0.12030793975873062,,0.16467740796201039
2013-05-08,0.11081273896924143,0.12024759130341024,0.211328517867322,0.16477288622958222
2013-05-09,0.10932381800694231,0.1204013045551404,0.21136927615620163,
2013-05-10,0.10947621888726536,0.12046688806073488,0.21321879125763607,
2013-05-13,0.10915717940499946,0.11965560872702177,0.21359168955151153,0.1647059588468521
2013-05-14,0.10920203027982725,0.11942777035129166,0.21367094954972454,0.16459689862516869
2013-05-15,0.10652657580197035,0.11955256575002515,0.21543146539360844,0.16344744716775647
2013-05-16,0.10643085676938539,0.11948229717867168,0.21521194355132742,0.1632826891649581
2013-05-17,0.10655515279354423,0.1147484069107715,0.21496719573879997,0.16253439634073938
2013-05-20,0.10666505277490328,0.11314399721545548,0.21423913197706607,
2013-05-21,0.10696015515927372,0.11314413234085134,0.21419137562748353,
2013-05-22,0.10566713816873,0.11395972174158717,0.2140791440656336,0.16250584527577622
2013-05-23,0.10962129759567012,0.11386948286387377,0.24165924892646104,0.16436761130559205
2013-05-24,0.10833918766469956,0.11180294823321854,0.24180097439838016,0.16421239677803184
2013-05-27,,,0.24667267229468295,0.16163357552531524
2013-05-28,,,0.2467885873264273,0.16284156100974437
2013-05-29,0.10790998564492739,0.11236935048421764,0.246636102490107,0.16485593493787126
2013-05-30,0.10802301754212258,0.11230962394750439,0.2588532664056178,0.16489818062086983
2013-05-31,0.10936109292155433,0.11146227456925531,0.2581070659747157,0.16530941530342544
2013-06-03,0.10987402077684029,0.11166708945348268,0.2639015199141409,0.16528499974822014
2013-06-04,0.10989613257628719,0.1120527276549038,0.2645818344889386,0.16517554560537495
2013-06-05,0.11394315883713263,0.11395424294921268,0.271011673539999,0.1657353524486017
2013-06-06,0.11552694807139628,0.11408840807724005,0.2714342717642174,0.16211742578431873
2013-06-07,0.11666094420929216,0.11488280958661379,0.2704608250424821,0.16383330879288316
2013-06-10,0.11565389604578792,0.11481578700233386,0.27686732293010097,0.163765751953454
2013-06-11,0.11649059731804451,0.11591914389172961,0.2773687974045754,0.1646592806018621
2013-06-12,0.1168818178450792,0.11639995744209228,0.2773948470692715,0.16443249116213673
2013-06-13,0.11688022294498052,0.11792789197115267,0.29325184072340194,0.1642585794362487
2013-06-14,0.11676658396647698,0.1183441452897017,0.29365223694411574,0.16428659917789393
2013-06-17,0.11684222765007783,0.11865660003941311,0.29584074776962016,0.1653404017039126
2013-06-18,0.11718342224922289,0.11900315219676814,0.2952207324312831,0.1642074023807223
2013-06-19,0.11733509320758652,0.12089757062940522,0.2959078445331894,0.1644074242226334
2013-06-20,0.12503706335929562,0.12625150507778266,0.2971406110340922,0.17243012810928823
2013-06-21,0.12533759138013573,0.12627888960044167,0.297875486930246,0.17347166874428088
2013-06-24,0.12690491050318103,0.12721845413606356,0.29851414946588867,0.17463903190262528
2013-06-25,0.12804786581516187,0.12761733513132298,0.29875946810733156,0.17548842223818475
2013-06-26,0.12886766279028516,0.12726662396148666,0.29910213861948204,0.1786690619673021
2013-06-27,0.12995774524531406,0.12660197226945408,0.3016157540885792,0.17892508949119615
2013-06-28,0.12998189640437663,0.12624382708359574,0.30515886618264215,0.1784353328907686
2013-07-01,0.13162490451528513,0.12623764917705432,0.3055105071989388,0.17876372230540633
2013-07-02,0.13154804939145118,0.12540701323873288,0.3062565516667515,0.17903327538418976
2013-07-03,0.1326006376151815,0.1253169960289117,0.30564007488403144,0.17982175487641908
2013-07-04,0.1391262552621135,,0.30568888840350483,0.18465447137021201
2013-07-05,0.13935917021407163,,0.30664245927991834,0.1863518377887212
2013-07-08,0.1369449958962598,0.12542779498038445,0.3073059080232883,0.18869909145955227
2013-07-09,0.13753124525234728,0.12454319571709768,0.30757317332742656,0.1888400524204986
2013-07-10,0.1372175956166406,0.12252446981476962,0.3070492432067923,0.18882024026182578
2013-07-11,0.13730223076168008,0.11896550296006952,0.3065911176399897,0.1884070736579756
2013-07-12,0.13726811432814276,0.1189293549133616,0.30605458953151454,0.18837360137381823
2013-07-15,0.13715851508557886,0.11879968420483715,,0.18836507433679142
2013-07-16,0.137330578692377,0.11884277605341015,,0.18866737226000815
2013-07-17,0.1372961770817505,0.11872426133540571,0.3058922344052032,0.18870309071098498
2013-07-18,0.13785719856508102,0.11884006588565019,0.30622303954759056,0.1896834470855086
2013-07-19,0.1378538232922736,0.11847065803660858,0.30680248861391934,0.18961206506084555
2013-07-22,0.13782280708907693,0.11847300823139648,0.306458605133662,0.18967690187048758
2013-07-23,0.1378198703966951,0.11850945853896201,0.30651196738035,0.18955458903709485
2013-07-24,0.1378151181239426,0.11869879014810322,0.3065183818498938,0.19017472234944338
2013-07-25,0.1378921263311504,0.11871794947640986,0.3066265241072624,0.1900708874930811
2013-07-26,0.13809320427079624,0.11852702211500069,0.3074547085836415,0.19001525097243413
2013-07-29,0.13803977518854632,0.1186498664283419,0.3115152182247179,0.1897979101453954
2013-07-30,0.13722463328823736,0.11864729434379494,0.3097942629283452,0.189953945066396
2013-07-31,0.1375678840450767,0.11864939957084085,0.30972510415247395,0.18996175753019579
2013-08-01,0.1381431977158756,0.11961540643756272,0.31135342582637415,
2013-08-02,0.13799520174343033,0.11955794523847171,0.3126931621054447,
2013-08-05,0.13808345237397232,0.11945282917550307,0.31317912046416774,0.18980588991540964
2013-08-06,0.13772155997738833,0.11962735729703837,0.31110023677256177,0.18969284341928766
2013-08-07,0.1382974698737071,0.11971140761469107,0.3164720580222358,0.18970421622959188
2013-08-08,0.13648890352468643,0.1190746885714989,0.3174006019222737,0.190037997053129
2013-08-09,0.13673685267963576,0.1179297033634943,0.3159473689936511,0.18989019944647487
2013-08-12,0.1367262817309233,0.11717377622492048,0.3161498272007486,0.18928152271745974
2013-08-13,0.13608895868802762,0.11720897707021481,0.3179899317333569,0.18938226166847066
2013-08-14,0.13597523235644868,0.11745509665572308,0.318364578346044,0.18390762931608037
2013-08-15,0.13782680072966394,0.11916612339351375,0.31866915921550315,0.18359861685983017
2013-08-16,0.13717878737044795,0.11928090996443991,0.3147629968329062,0.18285839646499297
2013-08-19,0.1372934764293375,0.11961989767688659,0.3145847073869245,0.18321933874378868
2013-08-20,0.13714186990500732,0.1197126068476693,0.3158553471697098,0.18331561038856645
2013-08-21,0.13781870594090886,0.12004368747497202,0.31544899440839086,0.18339886504941916
2013-08-22,0.1383801305446306,0.12057189959371961,0.31548945863422223,0.1838521223833785
2013-08-23,0.1380605496901086,0.11922753920541128,0.316340406112068,0.18392864928066507
2013-08-26,,0.11900198772222746,0.31513466568437926,0.18356682366444985
2013-08-27,,0.12075598798280106,0.3152800543918259,0.18693204119763784
2013-08-28,0.1380249180773513,0.11772879891847778,0.3159211790091516,0.1869642698620639
2013-08-29,0.1365733625841183,0.11748888242178497,0.3154311179957832,0.18551740145618398
2013-08-30,0.13707544773550778,0.1163495087265439,0.31544406365363864,0.186125921332108
2013-09-02,0.13854162855188415,,0.31425131353472213,
2013-09-03,0.13746414760264997,,0.31501977792092384,
2013-09-04,0.13690170375344357,0.11682603116242089,0.31444084604645167,0.18319664404880792
2013-09-05,0.13725829910727577,0.11680292953598506,0.31234438435364487,0.18132766263614636
2013-09-06,0.13723909650627708,0.11666253676376727,0.31310732005186465,0.18155820153475477
2013-09-09,0.13708825455666818,0.1167297918408848,0.31484982951237966,0.17605834562858672
2013-09-10,0.13622665171699175,0.11712243438829854,0.3154731156013128,0.17661161392501853
2013-09-11,0.1362267814531574,0.11716173932038143,0.3142082170232646,0.17633575158634884
2013-09-12,0.1362023774510433,0.11716307306386842,0.31423984006606737,0.17608422086419945
2013-09-13,0.1358510476579327,0.117140532604226,0.3122156918536736,0.1760922080296647
2013-09-16,0.13604372771528997,0.11729156710624791,,0.17337736418728403
2013-09-17,0.1364942703723809,0.11739944225358606,,0.1733791384284119
2013-09-18,0.13637324176065313,0.11831527393893748,0.3126616916762434,0.1735006668839415
2013-09-19,0.1367305796100428,0.11832442054162996,0.31352801089499577,0.17287753636578732
2013-09-20,0.13660026728856373,0.11853000042178208,0.3133842438497937,0.17285167018302264
2013-09-23,0.1366804643491349,0.11869493098978033,,0.17312024698838271
2013-09-24,0.13667017913824714,0.11846594911043129,,0.17325200145531644
2013-09-25,0.13672418201480846,0.11788587636835025,0.3132736716258121,0.1720318601339408
2013-09-26,0.136412240422668,0.11758832902675194,0.3130932230888545,0.17175490841286414
2013-09-27,0.13688881465192743,0.11764229060541714,0.310510412281897,0.17142536071999923
2013-09-30,0.13729048198044458,0.11755929480958825,0.3108708407775256,0.1709806585820034
2013-10-01,0.13720579587914358,0.11802885553758553,0.30888830827365893,0.17097372822582008
2013-10-02,0.13726688228355916,0.11793269907273882,0.30976285813179405,0.17060468991802388
2013-10-03,0.13718170138453864,0.1185016331598653,0.3096252553794978,0.17079623234271105
2013-10-04,0.13632875998953778,0.1178329991632499,0.30995598818112097,0.17032632466376849
2013-10-07,0.1353241746799358,0.11841441484164152,0.3099178462482118,0.1702833408945214
2013-10-08,0.13457951738244103,0.11961298697008539,0.30987369841477586,0.16982842104873638
2013-10-09,0.13458422144765736,0.11931343608905855,0.3085594914030489,0.16973313235791412
2013-10-10,0.13590403422652508,0.12297907789298783,0.30843274507467877,0.17097165491261201
2013-10-11,0.13546342176522042,0.12213489346115325,0.3063943140365345,0.17065291423077422
2013-10-14,0.13538810524427355,0.1221641920041774,,0.16937217331555166
2013-10-15,0.13549655715020908,0.1225383515720933,,0.16975783014201026
2013-10-16,0.13525860913789825,0.11929566864192867,0.3049545479747557,0.1697894202231278
2013-10-17,0.13495810324873292,0.11804503128059271,0.30440683067764823,0.16623714785515048
2013-10-18,0.1345617730733074,0.11637489240760755,0.3020079909121507,0.16642290148114275
2013-10-21,0.13470398125304975,0.11588897161285683,0.3022471193695543,0.16485845158815832
2013-10-22,0.13464608805353245,0.11554149539772889,0.302100322742325,0.16488631385712207
2013-10-23,0.13472725021914103,0.11567228459587606,0.30223229998657775,0.16525836889267376
2013-10-24,0.13208960782864912,0.11491139375638795,0.30220045368885484,0.16233873199999854
2013-10-25,0.13198911503428945,0.11502776373968754,0.30398891680589496,0.16237980300685861
2013-10-28,0.1319746919225847,0.11493359494859594,0.3054289590942382,0.16227671856080897
2013-10-29,0.13228617699946002,0.11508390514734493,0.3050581932222587,0.1626806080810892
2013-10-30,0.13212415960801763,0.11498909719017224,0.3049995938594214,0.15739303110134648
2013-10-31,0.13234965174273106,0.11513288750218027,0.30535734816345866,0.15659250472532701
2013-11-01,0.1322793669124562,0.11430102614162192,0.30449132798660156,0.15681658273333215
2013-11-04,0.13239236449954744,0.11370609443136166,,0.15637792575609039
2013-11-05,0.13180779746787807,0.11293837226439409,,0.15599358129944282
2013-11-06,0.13170086761735111,0.11304476802724035,0.30465866255254453,0.1561850882454751
2013-11-07,0.1320324899245385,0.11452107995525569,0.30311715215887636,0.15474703594504452
2013-11-08,0.1318736743153744,0.11585717035786544,0.3033176869734876,0.1546294678933151
2013-11-11,0.13193209284213162,0.11570466812056053,0.3038553280847143,0.15456658520838068
2013-11-12,0.1314256507924885,0.11564860839444663,0.3054000833834183,0.15466983644692925
2013-11-13,0.132999171455847,0.11614511531238265,0.3052069143750544,0.15475723667541022
2013-11-14,0.13322778434905252,0.11550782951400226,0.3064589486282724,0.15519925628716288
2013-11-15,0.1331427521925415,0.11544307865316422,0.30746760361772146,0.15506669570828155
2013-11-18,0.13311858789063452,0.1153315565247668,0.30479171594740667,0.15549372057241082
2013-11-19,0.13281913965629824,0.11454181904504691,0.3043648703803568,0.1561861372268642
2013-11-20,0.13262507711346308,0.1146735977138076,0.30439498517186636,0.15607058877744637
2013-11-21,0.1292188650460469,0.11517867552782052,0.3039017337767077,0.15315616615866606
2013-11-22,0.12891604066251583,0.11467893453022766,0.30385051956824044,0.15305812224967957
2013-11-25,0.125760647547025,0.1146021266910778,0.3044691682834332,0.15249151164178248
2013-11-26,0.1262329425277535,0.11459300952194297,0.3039293163575021,0.15127565346153954
2013-11-27,0.1252470633534896,0.11410882708642187,0.30398423774779026,0.14933690907349084
2013-11-28,0.12459173374004008,,0.30419831043266304,0.14927653285607953
2013-11-29,0.12440030022998513,,0.28433421225809813,0.14846477122585733
2013-12-02,0.12114015121792349,0.11412247226353762,0.2840948694055842,0.14805552184698104
2013-12-03,0.12046951825816701,0.1122421566103201,0.28022333734111526,0.1511035555235131
2013-12-04,0.11944004848071928,0.11202391180648216,0.2816097715027836,0.14946711611409222
2013-12-05,0.11944017413210671,0.11190650339298468,0.2824745435780569,0.1495887512317971
2013-12-06,0.11917703873780727,0.11097447803928981,0.2722627056909878,0.14807421093032544
2013-12-09,0.11879313693640238,0.11044793694962685,0.27341354374199445,0.14807968713125266
2013-12-10,0.11908568261306336,0.10925108994271751,0.26777916802539786,0.14742025710603515
2013-12-11,0.11914750023276857,0.11055604165135469,0.2666012821654418,0.14728524096210094
2013-12-12,0.11988348224461766,0.10966683147700021,0.2609942791695917,0.1475909562320934
2013-12-13,0.11951331266772258,0.10891998372379377,0.2606442441943989,0.14762170209571837
2013-12-16,0.12067082157225309,0.1073796774638156,0.2618088369620694,0.1489220869055516
2013-12-17,0.11286543479670876,0.10711131727952893,0.2533080418465224,0.15005477951283594
2013-12-18,0.11235543239170759,0.10901567969064543,0.25375104290392875,0.15051475788258714
2013-12-19,0.11197656639035747,0.10856115445894739,0.2547149283321726,0.1417138656309632
2013-12-20,0.11088749400374065,0.10671278198340331,0.23614392713805163,0.14075980604059848
2013-12-23,0.11097216424017205,0.10020695413718661,,0.1391144567959611
2013-12-24,0.1097043606212104,0.10021573333770825,,
2013-12-25,,,0.2349976066982626,
2013-12-26,,,0.2325669700098683,
2013-12-27,,0.09844655356684792,0.2325171619786473,
2013-12-30,0.10957969250756573,0.09773990926152815,0.23145821659555987,0.13836846867134125
2013-12-31,0.1077591403947817,0.09707525272566571,,
2014-01-02,0.10799494007668273,0.09778823400319486,,
2014-01-03,0.10657593400897254,0.09752657531743916,,
2014-01-06,0.09779871930740792,0.0974329816857321,,0.13487602146838665
2014-01-07,0.09730699796237383,0.09769239313351874,0.23009794911583126,0.13580825643490055
2014-01-08,0.09629306641047992,0.09770470205263812,0.2304937930295487,0.1353727656028634
2014-01-09,0.09559772034563918,0.09750928736829927,0.2308130205553678,0.13549254733532182
2014-01-10,0.0960887813324683,0.09710989045743404,0.23046580459807395,0.1350355451450022
2014-01-13,0.09581232547183369,0.09895419715338348,,0.1336303857616193
2014-01-14,0.0958269335513393,0.09832298193824364,,0.12764035204964236
2014-01-15,0.09604415705903786,0.0984686487807065,0.23206637329979937,0.1259724620262077
2014-01-16,0.0958107230591904,0.09850592907443372,0.22897448512310528,0.12324753557939896
2014-01-17,0.09579779069621486,0.09852308336826313,0.2242024777691591,0.12312344365781903
2014-01-20,0.09491050700347031,,0.22387226213938677,0.12307692655666017
2014-01-21,0.09490748060098309,,0.22300014646821353,0.12268206823304789
2014-01-22,0.09490864475288976,0.09847763557208486,0.22291341772893736,0.12260565388376084
2014-01-23,0.09540895688963483,0.09920359036023986,0.22323072513581202,0.12366886354808845
2014-01-24,0.09810723549385653,0.10380129795040395,0.22346723533184054,0.1301066380553134
2014-01-27,0.10082741463830859,0.1040378904075004,0.22556022548077542,0.1300942698549065
2014-01-28,0.10068316311161579,0.10431507885385698,0.2228539765209042,0.12924733535966215
2014-01-29,0.10085811723709484,0.1052305726484236,0.22574675886703593,0.1299481189724904
2014-01-30,0.10083773766209812,0.10630657728634703,0.2286132754168262,0.13005596741093153
2014-01-31,0.10042400397420517,0.10674778787342809,0.22880709176896977,0.13023137228305698
2014-02-03,0.0999931190776614,0.11163327837843887,0.23065710661264727,0.1316893573549594
2014-02-04,0.09980734285846597,0.11212740650845929,0.23785805477580357,0.13152510870577303
2014-02-05,0.09966656361699448,0.11217196884745291,0.23752426618761607,0.1315256443246861
2014-02-06,0.1020372656909848,0.11215015134569094,0.23745650577377508,0.13340828505742028
2014-02-07,0.10007102710730918,0.11363088580765483,0.23909888702808046,0.13371513914268754
2014-02-10,0.10008176319559266,0.11361586135203253,0.2402868234031567,0.13370404783350154
2014-02-11,0.10090181914733892,0.11427670197291442,,0.13517297227789737
2014-02-12,0.1008801066247478,0.11411895336917265,,0.134984533837354
2014-02-13,0.10062308658861685,0.11426548734978359,0.24112697123058377,0.13498232767157253
2014-02-14,0.1004828404216122,0.1142755159528411,0.23823393739798396,0.13486131721924782
2014-02-17,0.09899430103730442,,0.2332750117295296,
2014-02-18,0.09969386282473254,,0.23624150150827258,
2014-02-19,0.0993703106031445,0.11469372832992074,0.2353613606268328,0.13481855496316833
2014-02-20,0.09935677733741842,0.11491266598402232,0.23516582481879889,0.1348197005506095
2014-02-21,0.09839151190660475,0.1146756864168696,0.2341627131413304,0.13472115019043426
2014-02-24,0.0978252803361077,0.11293727736693643,0.2331990595700257,0.1350724330886645
2014-02-25,0.09770961569240978,0.11282920459601975,0.23362604696016945,0.13476875785949666
2014-02-26,0.09792059444881245,0.11243210996929456,0.22616478653391497,0.1346177592947149
2014-02-27,0.09729976144848777,0.1125037011992521,0.22494260149697418,0.13379213617802868
2014-02-28,0.09598089663272864,0.11214009868772498,0.22513862613548574,0.13254452947129305
2014-03-03,0.09632926500384038,0.11220789473862089,0.22570403483741014,0.13964123470598622
2014-03-04,0.09885715732767957,0.11395516552553685,0.22308826143837468,0.14325581155861988
2014-03-05,0.0994162454327672,0.1137488977279014,0.2229592005190316,0.14313956216589302
2014-03-06,0.09869074280611007,0.11117806722597873,0.22167368771986545,0.14312911278974208
2014-03-07,0.09996819856501427,0.11115296163121895,0.2216125506120289,0.14000716310267244
2014-03-10,0.10002643786423641,0.11116377610496866,0.2219973213178645,0.13995048820735304
2014-03-11,0.09937781018492986,0.11134134161480479,0.21856839317765564,0.13978295701538682
2014-03-12,0.10032781757354509,0.11088186837639817,0.22202874129812114,0.13897378654436277
2014-03-13,0.10135082666259056,0.11232084210986545,0.22190657404960984,0.1407756703140605
2014-03-14,0.10149277397234045,0.11243346285841288,0.22531719169035802,0.14081270589779749
2014-03-17,0.10152517511371786,0.11237301176713448,0.2253696427199373,0.14153813162804826
2014-03-18,0.10122384108611254,0.11235845537673304,0.225422761497822,0.14187777953588154
2014-03-19,0.10142907137663291,0.11273633735746771,0.22428385002650011,0.13951744691493898
2014-03-20,0.10059723974221191,0.11283307109042806,0.22537202153918642,0.13950992913785865
2014-03-21,0.100474238116332,0.11292091287002798,,0.13952714812153852
2014-03-24,0.10043991533568224,0.11297616418418736,,0.14106965525955775
2014-03-25,0.10205935154330073,0.11298823646152334,0.22529286662894266,0.14182809682561606
2014-03-26,0.1019684676909623,0.11231645601236698,0.22459277943591324,0.14254462715809724
2014-03-27,0.10198648172785937,0.11231889531119983,0.22125079540992262,0.1423235597638123
2014-03-28,0.10150535982176614,0.111922953500063,0.2212344875647852,0.14274795653423678
2014-03-31,0.10096143254557752,0.11213555555847801,0.22154611390171622,0.14276667279209235
2014-04-01,0.10160385192433562,0.11239001150021823,0.22051747576718517,0.14270039058346037
2014-04-02,0.10147593393558904,0.1123156786547675,0.2183395150774878,0.14252364808497758
2014-04-03,0.1014785379813834,0.11228438186195706,0.21763021169020522,0.14272219615098178
2014-04-04,0.10192954148610671,0.11366944985641081,0.21763522379232172,0.14299452349094188
2014-04-07,0.1030711685428611,0.11443697494596959,0.21902223023029688,0.14445017041991282
2014-04-08,0.10205431362955196,0.11404959494287975,0.21994161098864787,0.14386848939635216
2014-04-09,0.10226296571946013,0.11494456406440728,0.22125638400902845,0.14268182257821113
2014-04-10,0.10024341643481147,0.11823539351247647,0.2198099787103312,0.14317047772941072
2014-04-11,0.10099830085280873,0.11874875506024458,0.22241285613812017,0.1439430116590245
2014-04-14,0.10101167772973355,0.11853548161906566,0.22221392377091773,0.14356966058961015
2014-04-15,0.101016524015149,0.11737388285692192,0.2217084326910252,0.1447760819570674
2014-04-16,0.10132302280248176,0.11816305738765653,0.2256622320129922,0.14593441244300168
2014-04-17,0.10170593288562943,0.11441268325684158,0.22369564062631478,0.14608361550970136
2014-04-18,,,0.223878390770019,
2014-04-21,,,0.2216404066211761,
2014-04-22,,0.11424035882104594,0.2219945552207024,
2014-04-23,0.10121960991021492,0.11421144828526912,0.2220509790661263,0.14329964489043032
2014-04-24,0.10117142239909223,0.11368788158586608,0.2217884755434904,0.14339834913411525
2014-04-25,0.10083275005637694,0.1128399935752383,0.221767157706704,0.14471517725359603
2014-04-28,0.10079246729519753,0.11256190052569667,0.2218062103279203,0.14440295812019083
2014-04-29,0.10153436410414642,0.1123981975056733,,0.14552621353227596
2014-04-30,0.10154236975917948,0.11245188732319049,,0.14558593302444048
2014-05-01,0.10172099889980223,0.11221034393904745,0.22195889044361555,
2014-05-02,0.10123263657091923,0.11199557402720577,0.22103853248338057,
2014-05-05,,0.11194403784531885,,0.14525747022663354
2014-05-06,,0.11260767106554842,,0.14557951834268656
2014-05-07,0.10123048123804468,0.11284204804483645,,0.14543467901816032
2014-05-08,0.1011653617470571,0.11262965525355446,0.22139587746223355,0.14608369778662122
2014-05-09,0.1012935819826422,0.11239215153399101,0.22113119548246055,0.14606457922587457
2014-05-12,0.10140617539057013,0.11297704917897738,0.22117863453358694,0.14636574025836624
2014-05-13,0.1014384064598818,0.11292603625569368,0.22247787713809655,0.14623589214557503
2014-05-14,0.10143742266316529,0.11307931307535436,0.22248559443475688,0.14567251993360034
2014-05-15,0.1012987562746343,0.11384265746258365,0.22093646128226027,0.14715213664605598
2014-05-16,0.10131743439632426,0.11380952992650575,0.22182807933244653,0.14668355332419125
2014-05-19,0.10126021308124397,0.11223515170487394,0.21839416043502566,0.14649406346062277
2014-05-20,0.1016475846686382,0.11116804134883687,0.2163925634272353,0.1464710594124274
2014-05-21,0.09960352718313685,0.11170345765476083,0.21630065644745455,0.1463141557706556
2014-05-22,0.099315512868378,0.11166611577656257,0.21759504875590882,0.14602698966690264
2014-05-23,0.09915635631238906,0.11127077696103223,0.2171756171933488,0.14602291540663648
2014-05-26,,,0.2171401092063012,0.1468148457507648
2014-05-27,,,0.2169135521198626,0.14661308221877203
2014-05-28,0.09896178287395543,0.1111134937581762,0.21660640845711085,0.14633305080126047
2014-05-29,0.09889721667114358,0.11120457661072781,0.21606674516824131,
2014-05-30,0.09898937720764722,0.11107033568808232,0.21545288709284233,
2014-06-02,0.09906899451581343,0.11101524940597964,0.21515018403014322,0.14616752489372473
2014-06-03,0.0992290523160957,0.1108687769878641,0.21528966417137077,0.14548246089792294
2014-06-04,0.09920678537780665,0.11035471494063066,0.21335209833491997,0.14549485156712075
2014-06-05,0.09842334456077628,0.1105050818581726,0.2116805850032239,0.14552150972023736
2014-06-06,0.09881138028834642,0.1106356407655526,0.21168076540300768,0.14511921980498288
2014-06-09,0.09886280795614658,0.11063648382933189,0.21167299873600867,
2014-06-10,0.09885879193458769,0.11060465029647858,0.2119924932441504,
2014-06-11,0.09839899850105496,0.11065843168214798,0.2104335257119648,0.1455529139620484
2014-06-12,0.09741799670111774,0.11105731123629953,0.21064409928134414,0.14556428153462278
2014-06-13,0.09826648186390992,0.11109479608720037,0.20986265164608972,0.1454913904396057
2014-06-16,0.09836072065951809,0.11088368882656115,0.21023286217813358,0.14564525433246941
2014-06-17,0.09771647460646922,0.1098634602160693,0.21017243714734352,0.145656457172998
2014-06-18,0.09773283100557134,0.11032541098335737,0.20907956698754993,0.1453997767069085
2014-06-19,0.09757883001658961,0.11020693378662093,0.21019679996420942,0.14609594706404821
2014-06-20,0.09756251856408339,0.10890552020565694,0.21019970198107527,0.14618001483329385
2014-06-23,0.09670173774756974,0.10873062678179762,0.21004710274609442,0.14638041673886543
2014-06-24,0.09674265192986696,0.10918948906688948,0.20764644931159243,0.14323253614782352
2014-06-25,0.09579795888222525,0.10905882686708916,0.20675326625622845,0.14356564020395893
2014-06-26,0.09545910504912508,0.10896129705900141,0.20650096373604945,0.14256734170671811
2014-06-27,0.09556114552595851,0.1065945901886785,0.20507508041484374,0.14209217067912405
2014-06-30,0.09350685055926244,0.10659080233643455,0.20512685261824734,0.14205106037971565
2014-07-01,0.0941951926808607,0.10677367793150354,0.2054568970532197,0.14190989337234344
2014-07-02,0.09298294970362318,0.10655447995667038,0.20481774730037086,0.14176475454370485
2014-07-03,0.09347011032858228,0.10673361000365596,0.20477401989251842,0.14221100302191428
2014-07-04,0.09337437049171003,,0.20349792692024324,0.1424651704553495
2014-07-07,0.09372589473624109,,0.20329709517310643,0.14116255320873516
2014-07-08,0.0951707303660871,0.10726231295317476,0.20149109199564003,0.14156352269693512
2014-07-09,0.09522344372445374,0.10742274344674413,0.20004495480753387,0.14093951278566721
2014-07-10,0.09569666335973442,0.10750366683394391,0.20021353258743108,0.14178252776123274
2014-07-11,0.0956257966157036,0.10669072381292072,0.19999569722747845,0.14090507456444296
2014-07-14,0.09611814640370893,0.10686035416842289,0.1998530356512531,0.14113575051031993
2014-07-15,0.09619406737141563,0.10683013053867026,0.2000557785414691,0.14179914846756797
2014-07-16,0.09691256043904789,0.1066675782404846,0.19982407452623327,0.14342931554889957
2014-07-17,0.09732173601457357,0.10810145180322024,0.19964419039675182,0.14360885395427103
2014-07-18,0.09732943687644231,0.10898342896568139,0.1982729946915575,0.14363658388292522
2014-07-21,0.09676788497663932,0.1090259392630856,,0.14385459206625154
2014-07-22,0.09780793676984184,0.10759106906881243,,0.14559683247536007
2014-07-23,0.09776359364086491,0.106627635124501,0.19713573243874813,0.14556571971833873
2014-07-24,0.0978769779748464,0.10642446658213676,0.19715420872408634,0.14600195416226872
2014-07-25,0.09806533616585118,0.10666317231973642,0.1946393786382639,0.14569621877521835
2014-07-28,0.09805559207742735,0.10648109585242213,0.19468563487179424,0.14546958049980344
2014-07-29,0.09753261226944317,0.10671966948208082,0.19485716897011532,0.14570735830678322
2014-07-30,0.09501215098748174,0.10587818791738635,0.1946969418864692,0.1460143256335063
2014-07-31,0.09228365659483345,0.10551667697811624,0.19420362301539226,0.14798921179358684
2014-08-01,0.09281653602772329,0.10534523493084214,0.19438318975708252,
2014-08-04,0.09261291124762715,0.10546631128175944,0.19411499817552558,
2014-08-05,0.09260714511031856,0.10535939491086196,0.19264907497630473,0.14799207226506536
2014-08-06,0.09293593429147501,0.1042657719060051,0.18983668899044034,0.14753583677434623
2014-08-07,0.09279211308067055,0.10415052560268614,0.1899364858882102,0.14280722324245537
2014-08-08,0.09295099590191615,0.09974663941898922,0.19096956048067368,0.14269353215240022
2014-08-11,0.09397147997569073,0.0993100800499134,0.19072560377818848,0.14352496151806948
2014-08-12,0.09140928879042921,0.09928967260839082,0.1905385864117543,0.14338974899736937
2014-08-13,0.0915099907550357,0.09826790608490275,0.1884224159800482,0.14398784046301608
2014-08-14,0.09161075921775347,0.09677661617508783,0.1783910281623749,0.14384612918395487
2014-08-15,0.08995196140628085,0.09677167436887772,0.17763536386737963,0.14231520332273306
2014-08-18,0.09062929230343644,0.0962924486994019,0.17760374664750636,0.1434707302648217
2014-08-19,0.09091290499044936,0.09648567455566404,0.17544388551135823,0.1436744664253
2014-08-20,0.09105027936564751,0.09624101736386188,0.17375439195677184,0.14194688718443985
2014-08-21,0.089869862936154,0.09611359127810344,0.17212109934583814,0.1425795533147094
2014-08-22,0.08896010960976525,0.09564751882840625,0.17069439111992607,0.14306683584694713
2014-08-25,,0.09552276997922717,0.17065060030315093,0.14475921957454124
2014-08-26,,0.09545658269546968,0.1654012821935094,0.14521850275049936
2014-08-27,0.08897762536851672,0.095132902516857,0.16521264353176043,0.1452255267269372
2014-08-28,0.0890481662127211,0.09514816836655689,0.1623494435004094,0.1455678492370405
2014-08-29,0.0889375411257433,0.09522311844080797,0.1574611229461116,0.1456031726491178
2014-09-01,0.08874611921642855,,0.15748832656530604,0.14560571829845637
2014-09-02,0.08846585917978275,,0.15715835796358854,0.14555569446889255
2014-09-03,0.08872545844776539,0.09504216021590406,0.15702171424387928,0.14609140476574625
2014-09-04,0.08869883212732638,0.09503508729343689,0.15702740160339868,0.14824791599902584
2014-09-05,0.08882038545657138,0.0945678273561954,0.15680564870604777,0.14818126915131608
2014-09-08,0.08634419798661336,0.0924121085382999,0.15568233936493509,0.14808952271075101
2014-09-09,0.08286472347123533,0.09294556283478414,0.15560316441669586,0.14830833825371528
2014-09-10,0.08226316538205834,0.09303896786551259,0.15478873330876136,0.14159400754562532
2014-09-11,0.08244846235111213,0.09304093049515716,0.15358421403012326,0.1366514433965618
2014-09-12,0.0809276186437212,0.09347593981391789,0.15310642465226418,0.13665923072290842
2014-09-15,0.08078075828501353,0.0931610924311701,,0.13662611330119223
2014-09-16,0.08081520694599094,0.09368793217470968,,0.13479529571464985
2014-09-17,0.07965985234253051,0.09204728744154869,0.15239719121597,0.13493710776413803
2014-09-18,0.07869509761863153,0.09211430028842275,0.15288905857785326,0.1356813372560204
2014-09-19,0.0785527358877372,0.09124733597338577,0.14959365409343314,0.13503787687794877
2014-09-22,0.07927509571511236,0.09156523908709059,0.1499892593876474,0.13341359841850597
2014-09-23,0.08153487225233953,0.09151462441760008,,0.13523402152363115
2014-09-24,0.08149309595554655,0.0917668639340591,,0.13467991917456362
2014-09-25,0.08244971250791662,0.09466926183882314,0.14277021421077365,0.13558057893126363
2014-09-26,0.08241304069274305,0.0950706106082192,0.14331896708576206,0.13576610081555535
2014-09-29,0.08202656573526626,0.09500094859632338,0.14294655105983717,0.1364792557729799
2014-09-30,0.08010915714030517,0.09451928157251646,0.1435272930869356,0.13747955617633384
2014-10-01,0.08129517567784764,0.09645778404828305,0.14164909858843813,0.13665716331017738
2014-10-02,0.08467513283234825,0.09626708312226505,0.1467608908747422,0.14106497675966675
2014-10-03,0.08638708514234397,0.0968808805374572,0.14673472716898014,0.14077001139156287
2014-10-06,0.0866946909253479,0.09645049488552596,0.14694216898061827,0.14078091417600283
2014-10-07,0.08707460732195689,0.0988444662784166,0.14721586912794007,0.14202533709596926
2014-10-08,0.08709011136123525,0.1017636117380312,0.14784545843929378,0.14254628375017453
2014-10-09,0.08771103977479151,0.10450920664463587,0.1482323320512528,0.14215649639494662
2014-10-10,0.08928457681885138,0.1046647121137025,0.14855387449850108,0.14406231712614145
2014-10-13,0.0882925139019276,0.10720762312532969,,0.14381658749370774
2014-10-14,0.08830371737668426,0.10612001504413222,,0.14339651211400983
2014-10-15,0.09641709958973542,0.10244528217556889,0.14864069400219432,0.15115066565248428
2014-10-16,0.09642561456287445,0.10152392117684285,0.15211674947310927,0.15132527199621093
2014-10-17,0.0987076024206379,0.10246530199222185,0.15148728495463626,0.1574383675864677
2014-10-20,0.09897347439398947,0.10282368516678084,0.1598336230485342,0.15775038861826504
2014-10-21,0.10154274604646246,0.1053647399227719,0.15963428815848762,0.16006751614468356
2014-10-22,0.10129182818308807,0.10590118949664033,0.16363298435602797,0.16012903369244402
2014-10-23,0.10097485975517226,0.1071197784538834,0.15986924318031817,0.16002949003937306
2014-10-24,0.1011607136332828,0.10748213599193038,0.16023629289184646,0.15862978268002403
2014-10-27,0.1010659413078349,0.10749648417390832,0.1602439447130049,0.15908299417628938
2014-10-28,0.10144113988132109,0.10804221028806865,0.1551592134864206,0.1597777367590174
2014-10-29,0.10207990182308126,0.10800339021018916,0.15634558703773846,0.1597579311860852
2014-10-30,0.10096975159251056,0.10814026126090998,0.15633499594129047,0.15880216869510827
2014-10-31,0.1026414698375841,0.10923866132909454,0.16938828289845778,0.16258662710251934
2014-11-03,0.10315189578340708,0.10923836255294424,,0.1620568684991384
2014-11-04,0.10331626444046443,0.1093101114687121,,0.16348570561740058
2014-11-05,0.10509171204802191,0.10953779406173647,0.16884959709606837,0.16565696644624503
2014-11-06,0.1047088116700474,0.10877350100041805,0.16890614260097345,0.16545665585773725
2014-11-07,0.1046875211585836,0.10854533794427883,0.16825331124504983,0.16625920037221223
2014-11-10,0.10484241472089761,0.10856535989051172,0.1685749993751758,0.1656183941033947
2014-11-11,0.10480180936233109,0.10855829998805151,0.1699119974617894,0.165457170199396
2014-11-12,0.10483036605008383,0.10781508341591704,0.16923562606405498,0.16717705609289196
2014-11-13,0.10473790622559515,0.10781491306128337,0.16972427132371046,0.167228271116284
2014-11-14,0.10477442731283812,0.10755382723971126,0.16947465671303072,0.16723929778214716
2014-11-17,0.10484123187009672,0.1066038895828039,0.17527058142692908,0.16636746914928163
2014-11-18,0.10481767442926736,0.10670163417880674,0.17744058751406924,0.16711988798196165
2014-11-19,0.10475686246569246,0.10665142477131902,0.17574865802129339,0.1671207363812208
2014-11-20,0.10481198443229645,0.10617567151734952,0.17570776781927297,0.1673675597224252
2014-11-21,0.10594992612640323,0.10585213843025289,0.1752680417720364,0.1721240578374285
2014-11-24,0.10602027702955412,0.10587038340298652,,0.17229132485015028
2014-11-25,0.10592816854885405,0.10578122307575784,,0.17226951129255294
2014-11-26,0.10579764690562359,0.10579417266790045,0.17388694306875158,0.17150276156778002
2014-11-27,0.10571224812243961,,0.1740264710075023,0.17169043817569435
2014-11-28,0.10557058129500484,,0.1746100563808715,0.17170723887323527
2014-12-01,0.10640784537393719,0.10611635346626794,0.17470781402621818,0.17188728876513482
2014-12-02,0.10799051005995954,0.10641630268710188,0.1726072470105607,0.17187632405125614
2014-12-03,0.10769028314647686,0.10650844423030092,0.17233079716156113,0.17191637575234847
2014-12-04,0.10788494629672415,0.10652944508310278,0.1723037327838979,0.17324135586275963
2014-12-05,0.1087592852970275,0.1065245890114796,0.17230067188492737,0.17693735015857984
2014-12-08,0.10952274368457546,0.10677882992372865,0.1722993916999992,0.17708079802230628
2014-12-09,0.1136059037151948,0.10662495513421848,0.17270148202622077,0.18102474322409612
2014-12-10,0.11300955976176834,0.10929229553679368,0.17594061856630702,0.1810944812284103
2014-12-11,0.11319766110603502,0.10944763760241713,0.1743791314321186,0.18091074167520785
2014-12-12,0.11847402013474058,0.11184720990959315,0.17438120643080035,0.18549407484269334
2014-12-15,0.12120551772494068,0.11175193279788162,0.17599488416459427,0.18951092373553796
2014-12-16,0.12590945024556027,0.11237011953038707,0.17854390224467107,0.1915827552207373
2014-12-17,0.12584541408895902,0.1158539855136653,0.17859197910856534,0.1915351467180388
2014-12-18,0.12918531780288825,0.12045537624203118,0.18129258400460108,0.19707410047992086
2014-12-19,0.13039660429897051,0.1201612673819955,0.18358484290365823,0.19714178610961094
2014-12-22,0.13014681185143834,0.12024712143921513,0.1835073563409023,0.19675834921804444
2014-12-23,0.13023975532927762,0.1202474523543736,,0.19730709668324545
2014-12-24,0.1301708649721582,0.12024752795128897,,
2014-12-25,,,0.1832687363271902,
2014-12-26,,,0.18299364557266687,
2014-12-29,,0.11983580024325087,0.18239326803147293,
2014-12-30,0.13141901899721084,0.11992643000593002,0.1839633044866669,
2014-12-31,0.1308705914635036,0.12088602555766807,,
2015-01-02,0.13087209088497484,0.1208724479277832,,
2015-01-05,0.13336793564415733,0.12377733669042476,,
2015-01-06,0.1337633679886337,0.12411890372735496,0.18895672989473197,
2015-01-07,0.13413201947023695,0.12516317411216765,0.18768201845445492,
2015-01-08,0.13716477135746377,0.12737911220489392,0.18902126963383548,0.2034497123585153
2015-01-09,0.1378768269564976,0.12755365211189232,0.1890254549419981,0.20787025421308883
2015-01-12,0.13756914274153478,0.1279594630991245,,0.20831890169326556
2015-01-13,0.13781818189597578,0.12787144520736093,,0.20950199533055233
2015-01-14,0.14122122157118233,0.12814525882773645,0.19072416270223572,0.20987478978318905
2015-01-15,0.1432351997657339,0.12866546722283814,0.19205833563520397,0.21191506060372142
2015-01-16,0.1428067071233778,0.1299934141500758,0.19323500727794454,0.21206757954474206
2015-01-19,0.1427312477964926,,0.19243351278791726,0.21111933806920302
2015-01-20,0.1429182934882435,,0.19436434388686974,0.21120933195687888
2015-01-21,0.14472504793330596,0.13002840696975473,0.1940390646518954,0.2100089173204853
2015-01-22,0.14476033329907145,0.13058583567679405,0.19403810171952476,0.2111036722307742
2015-01-23,0.14495968764502848,0.13009600480689662,0.1944879700785718,0.21214924766475135
2015-01-26,0.14493498251608136,0.13008280790260043,0.19442482379351317,0.21187382146202166
2015-01-27,0.14504757667289866,0.1313593797886269,0.19564261771371272,0.21173221382630472
2015-01-28,0.14507810689027514,0.13277015857156044,0.19549882340473648,0.2107542617459852
2015-01-29,0.14505045022710572,0.13343912851642964,0.19619311395679206,0.21078680158867433
2015-01-30,0.14543254582427698,0.13455832425461267,0.19600345604915606,0.21058182909154266
2015-02-02,0.14532483904990146,0.13577544794907712,0.19620123939373935,0.20953204121781888
2015-02-03,0.1460899524398704,0.1370784333798069,0.1968579293431196,0.21021986346397534
2015-02-04,0.1461126321984239,0.13722361466017993,0.19847808844017661,0.2099616953365087
2015-02-05,0.14611366509325774,0.13480018950045122,0.1990558458026921,0.208899267090082
2015-02-06,0.14579201595775262,0.13483081356258345,0.19930802426455713,0.20896424035079447
2015-02-09,0.14558386589017455,0.13466115622594346,0.1987104679191641,0.21006934902142205
2015-02-10,0.14543975613238666,0.1346450578821517,0.19878925522585045,0.21022079122402196
2015-02-11,0.14480436224347273,0.1346454480079381,,0.20869355239580467
2015-02-12,0.1448160230871579,0.13495774596799542,,0.2093383024526655
2015-02-13,0.14502189763507572,0.13417088348151085,0.19882533789797444,0.2092573058029279
2015-02-16,0.1449471667809416,,0.19837674253433213,0.20848940803544797
2015-02-17,0.14518144407654834,,0.19833058041964524,0.208430730687168
2015-02-18,0.14477532666396,0.13414344590292365,0.19880183567945034,0.20793680262240477
2015-02-19,0.14457449032214478,0.1341264424997307,0.19883212294739924,0.20763072532356816
2015-02-20,0.14458207263202522,0.13407630894857087,0.19883015105895432,0.20722791240222732
2015-02-23,0.14451282855764602,0.1339771205971675,0.19874477616811495,0.20744783208685044
2015-02-24,0.14470730224538664,0.1340092717317198,0.19883830626447999,0.20717734160753964
2015-02-25,0.14473180518545387,0.13354838244087613,0.1982134259814691,0.20658330700015082
2015-02-26,0.14465928948170395,0.1334257940394098,0.1979246064675065,0.20679201707929845
2015-02-27,0.14463559393721379,0.1334829256777615,0.19787378601812725,0.20683742803366525
2015-03-02,0.14463905822395645,0.13367764647756933,0.19262978044267742,0.2062463020764995
2015-03-03,0.14503096434658364,0.13382079035547848,0.19012937549218545,0.20662897098511845
2015-03-04,0.14487206008970752,0.1338498912968427,0.1904229969560264,0.20501085756758552
2015-03-05,0.1451191847128211,0.13385154726352202,0.1904089216276346,0.20497556647423265
2015-03-06,0.14539527951432202,0.13544308321932802,0.19081237973293355,0.2049599752220494
2015-03-09,0.14551686171977837,0.13551423640578927,0.19144664178828633,0.20443654074672243
2015-03-10,0.14995170066213268,0.13765745000987817,0.19178585090544734,0.20531342024150895
2015-03-11,0.15000954706379188,0.13768212964193924,0.19155154853626014,0.20754018424766357
2015-03-12,0.1501226967599347,0.13877159127200034,0.1924044631328937,0.20760902954053254
2015-03-13,0.15017169228272337,0.1388889022680127,0.19293682389720396,0.20709781872697763
2015-03-16,0.1507683363409523,0.1400754972032501,0.19284925557378743,0.20649886728469233
2015-03-17,0.1509088836335114,0.1398309834771681,0.19315807498579496,0.207042255184738
2015-03-18,0.15248903602584016,0.14074419532752494,0.19294325382143135,0.2070022367118793
2015-03-19,0.15232441015094153,0.14093815824998435,0.19307670564118753,0.20668058252189483
2015-03-20,0.1527527654221627,0.14117557342142698,0.1928933404406171,0.20755116539780283
2015-03-23,0.15215829720499016,0.14120028457240402,0.19315535588586322,0.20786679807181846
2015-03-24,0.1507516167630227,0.141148383214327,0.1932185427323986,0.2080898391205253
2015-03-25,0.1507663114880641,0.14272401746807464,0.19262774586813977,0.20904243650081022
2015-03-26,0.15138386629175873,0.1426135524040327,0.1938731964848196,0.2090798822550487
2015-03-27,0.1516219121762478,0.14264526324416726,0.19438813680081007,0.20902906992603196
2015-03-30,0.15178915383303912,0.14316178156089537,0.19449817737996386,0.2093026831203406
2015-03-31,0.1537223665526421,0.1434881405715188,0.19524581071859953,0.20974429641123427
2015-04-01,0.15322698540527344,0.14321349885450746,0.19578983937905928,0.20960831460814427
2015-04-02,0.15127957712092743,0.1413380204351553,0.19666834240193226,0.20814341206277392
2015-04-03,,,0.19659526179753076,
2015-04-06,,,0.19664527433170836,
2015-04-07,,0.14089673541936323,0.1972225961822927,
2015-04-08,0.1503867806628916,0.14087887851175857,0.19692901139400668,0.20797771235695722
2015-04-09,0.15099769754606765,0.14092820040377135,0.1960751458572398,0.20734276130375326
2015-04-10,0.15089246572725448,0.13972283760578852,0.19574748897008792,0.2075527096519419
2015-04-13,0.1509612284863243,0.13990865729866858,0.19509775798195356,0.20687386529617943
2015-04-14,0.15050364246025758,0.13909916670414083,0.19456522500238024,0.20719927019877749
2015-04-15,0.14901918429367056,0.13922935654734753,0.19455594160058245,0.20663895189720366
2015-04-16,0.14916735406388387,0.13742984054234095,0.19405679154125227,0.20342288215345194
2015-04-17,0.149752083523361,0.13637508757987288,0.19469903064637087,0.2057040486965857
2015-04-20,0.1442008356093757,0.1335366677488252,0.19064157360102105,0.2062220803888405
2015-04-21,0.14412430235517273,0.13245130562606408,0.19142635341284095,0.20428341448484255
2015-04-22,0.14219048565339903,0.1302799017572664,0.1913946413082226,0.20366140676549305
2015-04-23,0.14184128870992482,0.13029332365484675,0.19102229374620527,0.20391971872892162
2015-04-24,0.14004466109161984,0.12967552599023616,0.19056505103282517,0.20218801658058025
2015-04-27,0.1400672217900206,0.12987043641224622,0.19017467787214068,0.20306547198354444
2015-04-28,0.14089254913492186,0.12878755205960526,0.18923141756655482,0.20449408184615742
2015-04-29,0.14181973742305057,0.12840368853482614,,0.2011331588907146
2015-04-30,0.1416949812363755,0.12653347304171683,,0.20081847920801382
2015-05-01,0.14154589133099732,0.12688398856663508,0.18896138927139539,
2015-05-04,,0.12584788986828743,,
2015-05-05,,0.12673078122685122,,0.20024199147396482
2015-05-06,0.14113997065487704,0.12688991430666197,,0.1993161350351226
2015-05-07,0.14149996217756752,0.12592506763508027,,0.1973190017269049
2015-05-08,0.1440058027972384,0.12724432970341476,0.18577915120884356,0.20020071776678947
2015-05-11,0.14343489875892224,0.1272149511302373,0.18491087691263464,0.2000625544768085
2015-05-12,0.14462643404243605,0.12626930449747467,0.17734676531142207,0.20113559181978827
2015-05-13,0.14352527551129987,0.12627061330953177,0.17456240274779308,0.2006605740056638
2015-05-14,0.1435725478564464,0.12706072978228872,0.17202867095139077,
2015-05-15,0.14357531713167365,0.12683351743122223,0.17207194674528534,
2015-05-18,0.14329625254387734,0.1267976422697646,0.17190050971028017,0.20011925685941023
2015-05-19,0.14334785015281798,0.1268044909616177,0.1719269076981993,0.2020820418631555
2015-05-20,0.14330608701577724,0.12675137825501814,0.17196631941161897,0.20206153214121336
2015-05-21,0.14322884676947617,0.1267841783837788,0.17106978271335843,0.199284585979527
2015-05-22,0.14322035451458096,0.12682631160248983,0.1709454080039942,0.19869125862414447
2015-05-25,,,0.15856049861495125,
2015-05-26,,,0.15851173250231848,
2015-05-27,0.14414313730967748,0.12744476592820472,0.15784384473906096,0.19838207025854748
2015-05-28,0.14396022001248876,0.12746449802170767,0.15779380532271323,0.19749140369764093
2015-05-29,0.14441941334577518,0.12780876691433096,0.1574289599275862,0.2003242900976073
2015-06-01,0.14451453062462624,0.1276467996510371,0.1552054841243545,0.19939536091264382
2015-06-02,0.1438555406784367,0.1276352329890427,0.15521084532014945,0.19920007663421768
2015-06-03,0.14384015386271856,0.12763956105749164,0.15473422907419682,0.19929430633755332
2015-06-04,0.14509491752207895,0.1280546445253548,0.15462067751810252,0.1976612715805347
2015-06-05,0.1455484841850852,0.12801362629272123,0.14806808748662686,0.1987389740139135
2015-06-08,0.14557649286905497,0.12834064038512924,0.1453214139472848,0.19964089429760107
2015-06-09,0.14577716988515677,0.12828169008825685,0.14770600208644113,0.19951819421975
2015-06-10,0.1459462701128454,0.1290065828883439,0.14780141767266222,0.20074992318145765
2015-06-11,0.14487301173475736,0.12872479189548183,0.14936683157224778,0.2009193920546194
2015-06-12,0.14535065955952267,0.12901597888963953,0.14931481160390464,0.2017626598501609
2015-06-15,0.1459817625736767,0.12917522045505667,0.1487757426332363,0.19976270043243036
2015-06-16,0.145362086530227,0.1294019744720197,0.14839765424810183,0.19972911836213497
2015-06-17,0.14472960355442538,0.12900495571796464,0.14820998717338413,0.20000689272186226
2015-06-18,0.14152001374270443,0.12973408934375527,0.14921758357723183,0.20015198235300496
2015-06-19,0.14135967670399707,0.12778292519211576,0.1496185433237925,0.2000309278143433
2015-06-22,0.14305897100901407,0.1279050721566737,0.15003094229576935,0.20746730937595328
2015-06-23,0.13830452694146317,0.12568137177981245,0.15200990343661472,0.2074871029053686
2015-06-24,0.13547944897092282,0.12580072740984855,0.15202281400241124,0.2076276070373743
2015-06-25,0.13171506487603588,0.12524719004751425,0.15181590042487175,0.20762117867481047
2015-06-26,0.13226695492971782,0.12207401259166271,0.1480213013696298,0.2059069561387348
2015-06-29,0.1323743751081202,0.12119776216017754,0.15358000716673065,0.21213845514484428
2015-06-30,0.13301402830552206,0.12108206234324065,0.15355613345618427,0.212577758918021
2015-07-01,0.13418611137508646,0.12136103555499907,0.15166328681063784,0.21083654506506536
2015-07-02,0.1341882970027069,0.12133537970305147,0.1488390554101426,0.21126200315149576
2015-07-03,0.1345067177420287,,0.1488146664476461,0.21150502712098285
2015-07-06,0.13365176834701845,,0.1491729382043328,0.20969444410197513
2015-07-07,0.13547554958915706,0.12164196493765829,0.14672658477068268,0.20805962791728197
2015-07-08,0.13604455966679743,0.12393271468209978,0.15403538155257954,0.20627509712788722
2015-07-09,0.13442083335568017,0.12379100189973105,0.1541058503333455,0.20961981511605116
2015-07-10,0.13528696464173637,0.12413528414557479,0.15426129199314204,0.2091769593488923
2015-07-13,0.13545290810635222,0.12508681397505048,0.1553640122484049,0.21026872526422463
2015-07-14,0.13155466052781412,0.12236919886727451,0.15457859703223026,0.21027837652538375
2015-07-15,0.13065577115051968,0.12165915398452999,0.1476691159125614,0.20980485771342933
2015-07-16,0.13092905935957388,0.12110340536180479,0.14781385074387968,0.20506567734360434
2015-07-17,0.13075169522998753,0.11856617297101608,0.14631448682553524,0.2002819673095044
2015-07-20,0.12618966065147288,0.11791437140939014,,0.19959153019734152
2015-07-21,0.12403016288033758,0.11748065141408214,,0.19919523117780075
2015-07-22,0.12547327083129042,0.11747122649156179,0.1475860735670776,0.19810077372410928
2015-07-23,0.12528421572074125,0.11745668716244993,0.1451813130597611,0.1959538890801986
2015-07-24,0.12610772614465474,0.1177189758297273,0.14370522595369228,0.1956341487850549
2015-07-27,0.12499156964819347,0.11657586544055513,0.14277522347833346,0.19874383002431115
2015-07-28,0.12462720079100278,0.11765530958370134,0.14244436338210195,0.1991195061312709
2015-07-29,0.1254871753289573,0.1161678742852162,0.13990351170382684,0.19901916436152084
2015-07-30,0.12569175476293484,0.11588110844928287,0.14024579455465325,0.19781911842957609
2015-07-31,0.12556677057188062,0.1158895107502469,0.14025065051144145,0.19636467501034727
2015-08-03,0.12553502288066076,0.1143149093428735,0.139732061791933,0.1963884961066542
2015-08-04,0.12549969756245768,0.1126483548177567,0.13967902989947686,0.19567568469159063
2015-08-05,0.12563299276637208,0.1119699682600914,0.1379669705741612,0.19674853698905403
2015-08-06,0.12544404768009212,0.11093561984337919,0.13797634039462298,0.1967387876348179
2015-08-07,0.12418387949097882,0.1095900980890869,0.13693103133282997,0.19692553889081774
2015-08-10,0.12422660275281376,0.10919650251775954,0.1369380893151076,0.19726695158738058
2015-08-11,0.12511331672648762,0.10990875325004021,0.13669993492576865,0.19843487337750346
2015-08-12,0.12662500178146113,0.10898142299970251,0.1374454373896261,0.20433416736963184
2015-08-13,0.12659156458425877,0.10888218479698976,0.1355279891389504,0.20470630250476726
2015-08-14,0.12663026230584928,0.1088272926078947,0.13477640375085415,0.20491623182414057
2015-08-17,0.12661759480048215,0.10805021443254291,0.13452064137330094,0.20379745088656553
2015-08-18,0.12668153630360401,0.1081227267072041,0.13463318354936665,0.20327924402282602
2015-08-19,0.12899946918328287,0.1079325901185294,0.13675299558486678,0.20503408505863943
2015-08-20,0.1291696512491975,0.11191110274608684,0.13739807488720018,0.20668787817911588
2015-08-21,0.1348143119419731,0.12081191767456592,0.14427914433073474,0.21116903833231457
2015-08-24,0.1502676713274648,0.1332619830362643,0.15943745136185594,0.22474546124226652
2015-08-25,0.15680462413921797,0.1341310438607547,0.16879058214046536,0.2343206499185192
2015-08-26,0.1582649535638656,0.1451361500818807,0.17448901021062607,0.23485908667019417
2015-08-27,0.1663004726550487,0.1491829407155871,0.17504466963540036,0.23978485743144792
2015-08-28,0.16665002271826165,0.14918944175654467,0.17967701105581202,0.2398008534389572
2015-08-31,,0.1496115793898214,0.1804098181606861,0.23955702643623963
2015-09-01,,0.15530348807931135,0.18884919508259454,0.24171769638398227
2015-09-02,0.16678548601715104,0.15728246853526856,0.18831382643116348,0.2417849988008863
2015-09-03,0.16885515700731807,0.15720063366969117,0.18843642192610183,0.2435258540020297
2015-09-04,0.17224767187537823,0.15851685440944144,0.19089693157136814,0.2462760637760209
2015-09-07,0.17246104952136215,,0.1909813375880936,0.24644706155215684
2015-09-08,0.17310056170529803,,0.19390872365692066,0.24655796078590306
2015-09-09,0.1740968154835832,0.15961412340816297,0.22071546713690182,0.24669372316710708
2015-09-10,0.1745602956087059,0.15866796505840627,0.2230688019843772,0.24705819956175104
2015-09-11,0.17449754870836304,0.15870098688980736,0.22267364300966278,0.2474102362406866
2015-09-14,0.17451450320453898,0.15703096776552145,0.22369552790029387,0.24743837216043124
2015-09-15,0.171368507294951,0.15812977192171826,0.22370307903963188,0.24744027783339406
2015-09-16,0.17266460024613453,0.15758861231121685,0.22307983003490353,0.24600975978509262
2015-09-17,0.17267420511023035,0.15741107137179255,0.22314129439010708,0.2460227286173192
2015-09-18,0.1736204275273458,0.15776275199803794,0.22487953851755516,0.24948497415865448
2015-09-21,0.1730558817991857,0.15788394694847338,,0.24897377544620058
2015-09-22,0.17737661476814168,0.1577275859160873,,0.2531811477731455
2015-09-23,0.17747088506458353,0.15762879033424465,,0.2532101961948052
2015-09-24,0.17807640964355664,0.15706266015884282,,0.2545296230140904
2015-09-25,0.18117463400702763,0.15705798623813322,0.22581556417696658,0.2575258471360711
2015-09-28,0.1842776168936939,0.1608788557506453,0.2264171209551217,0.25935641777841384
2015-09-29,0.18455612715471478,0.15971815174427487,0.23368040021898417,0.2589469292553141
2015-09-30,0.18828840470592664,0.16212293315072213,0.2367530947405408,0.26082367862370653
2015-10-01,0.18742223340387404,0.1621089747043304,0.2379126242515859,0.2610996669151852
2015-10-02,0.18782824456569766,0.16246225163235375,0.23790186361784774,0.26126622349007944
2015-10-05,0.191729453226106,0.16419415510268506,0.2389699443328624,0.2648689229013535
2015-10-06,0.1903280179581182,0.1641786631532608,0.23859496854464365,0.26510369503046943
2015-10-07,0.19017678524574333,0.16451912962978174,0.2384469879997586,0.2650086944654033
2015-10-08,0.19031275459263047,0.16501388216386306,0.23868741070979296,0.2650044616208331
2015-10-09,0.1904962578130061,0.16496522861835863,0.2393233051215464,0.26518101419780793
2015-10-12,0.19004096647740973,0.16484043145297428,,0.2646758048576566
2015-10-13,0.18949233587964948,0.1649012597583595,,0.26443849652330254
2015-10-14,0.19008630280194427,0.1649082149287445,0.24051273557356762,0.26460057968618284
2015-10-15,0.19075976777287731,0.16628124007038889,0.24018174463262323,0.2651666553188224
2015-10-16,0.19092805394181456,0.16624491274222788,0.24049397558350338,0.26534330087273095
2015-10-19,0.19088032907635413,0.16624628091094656,0.24080677934964376,0.264778437398717
2015-10-20,0.19045721996100626,0.1655106668565982,0.24023156217915473,0.2633216237171051
2015-10-21,0.1900711296295499,0.16514154781285492,0.241484877896799,0.26282767642467086
2015-10-22,0.1901733255469088,0.16685086587778108,0.24142274989207183,0.2652628430203547
2015-10-23,0.19069376897234053,0.16743778328586553,0.2432274003938628,0.2671036289029504
2015-10-26,0.190692229916515,0.16741488694780352,0.24339244922295855,0.26696772834449517
2015-10-27,0.19096429719661878,0.16740864644729953,0.2437381996773024,0.2671967378188409
2015-10-28,0.19155211311907616,0.16817903243435026,0.24389857107586557,0.2668110529013701
2015-10-29,0.191222748220893,0.16812797159188428,0.24390701663867245,0.2660475906872365
2015-10-30,0.19063488961192457,0.1681807776379078,0.24354286443734305,0.2634273568979171
2015-11-02,0.1906063837192399,0.1684210874320182,0.24542774631487638,0.2635279705845598
2015-11-03,0.19059738089461287,0.16775334987479426,,0.26137732743246417
2015-11-04,0.1907157408212483,0.16776922669586097,,0.2613356950877299
2015-11-05,0.19077041288374982,0.16693414582122437,0.24504740322105548,0.2613611392175843
2015-11-06,0.18788403229657497,0.16681580208867153,0.24478041283382265,0.25886602624117927
2015-11-09,0.1882756717614734,0.1673073293792347,0.24627160930941194,0.25947589971730767
2015-11-10,0.18736907942579087,0.16621698180026848,0.2459738906504688,0.2587413071054679
2015-11-11,0.18741233243797775,0.16612714475979654,0.24595686243146125,0.2588162896694476
2015-11-12,0.18915634842032045,0.16724204291342054,0.24590780825138517,0.2599221909476271
2015-11-13,0.1895970231289308,0.1679618067791967,0.24602757028633895,0.25811358682643587
2015-11-16,0.18972500193426614,0.16860157458610578,0.24641355922037075,0.2580520436479864
2015-11-17,0.1918055100993014,0.16859995037394998,0.24638848466901253,0.26083397013117
2015-11-18,0.19180279132482864,0.17012233757283524,0.24639111004381142,0.26092839312561356
2015-11-19,0.19217898413440757,0.17012589936836445,0.2466451058286761,0.2598038186555149
2015-11-20,0.19213726823272925,0.17021993711876587,0.24623007240002948,0.25954588877520585
2015-11-23,0.1913869240945746,0.17018669581431808,,0.2577096034542981
2015-11-24,0.19144945375151914,0.17017559848774022,,0.2580972224115555
2015-11-25,0.1917011661844811,0.16965368151809707,0.2460323001922501,0.2589976664394829
2015-11-26,0.19206346882337347,,0.24587463101725263,0.2592874349171466
2015-11-27,0.19203869682125715,,0.24572970026837967,0.2590938018320779
2015-11-30,0.1920035532675041,0.1697602147395264,0.24563036366859312,0.2585312841667862
2015-12-01,0.19136630281218991,0.17024269791199959,0.24635882813638496,0.25820355482788604
2015-12-02,0.19114430865210372,0.17090281909123,0.2463783317046141,0.25819930202572666
2015-12-03,0.1938215122128255,0.17207409616921462,0.2461551823643453,0.26181721261552326
2015-12-04,0.1938497620784977,0.1745185340992368,0.2481071847132186,0.26163379975903955
2015-12-07,0.1931557863527116,0.17437413461082668,0.24850626357197075,0.26125812486699707
2015-12-08,0.1940915331419989,0.1745917452571479,0.24886367783710733,0.2612875683720376
2015-12-09,0.19372173528428813,0.1746923739907411,0.24922784693995675,0.2613193674403722
2015-12-10,0.1933233645333296,0.174726566328527,0.24989077934939677,0.2611449641283068
2015-12-11,0.1957968805333863,0.1759679268370998,0.25029591527005046,0.26252968778268165
2015-12-14,0.19653943303949975,0.1760973260583602,0.25152651054286684,0.263966194791805
2015-12-15,0.1995702791287291,0.17654093405701932,0.2525902685029437,0.2617898822900998
2015-12-16,0.19987066451944477,0.1776634812895299,0.25533202371610886,0.26149230213452185
2015-12-17,0.19857552172076995,0.17871069395355602,0.2563659915966909,0.2628376001026679
2015-12-18,0.19884463192840962,0.1803964636913519,0.25655613964108115,0.26350071773790384
2015-12-21,0.1988443860355085,0.18017637598210035,0.2565832956773684,0.26418029294459694
2015-12-22,0.19911275505407597,0.1805275113570882,0.2554412598060085,0.2572886896469617
2015-12-23,0.20226544848289874,0.18119978069421636,,0.25869875315467694
2015-12-24,0.2003676068891522,0.18120178606418266,,
2015-12-25,,,0.25543154674591156,
2015-12-28,,,0.2555737729079886,
2015-12-29,,0.18158804003658566,0.2555822726215018,0.2582093256075981
2015-12-30,0.19943518946720765,0.18181642507117288,0.25560921534120457,0.2581094695212197
2015-12-31,0.19862477387568328,0.18227682667758827,,
2016-01-04,0.2013983250063961,0.18115162833308093,,
2016-01-05,0.20148831103095538,0.18113251305890307,0.25518527170453426,0.2580505087374877
2016-01-06,0.20173142846277156,0.18174296006938678,0.2551985802481626,0.25667343647264906
2016-01-07,0.20240699541084967,0.18475409107189614,0.2566134912936987,0.25610201452875014
2016-01-08,0.20216321325449624,0.18506266820610223,0.2551872489040873,0.2567527715830028
2016-01-11,0.2012979396763249,0.18366875965238208,,0.25368671298777035
2016-01-12,0.20077927775976778,0.18401154549568818,,0.2502583839592763
2016-01-13,0.20042281107315585,0.18635301516057937,0.2584865801865403,0.24898387878111153
2016-01-14,0.20057546732157167,0.1872333687161365,0.2611308994052049,0.2497836385686769
2016-01-15,0.20228559150877312,0.18940122674769766,0.26119220851350455,0.25174008309368684
2016-01-18,0.20206216113257397,,0.25848252634515856,0.250828616939935
2016-01-19,0.20359073561789517,,0.2584426316832937,0.2519319210354992
2016-01-20,0.20921567501298932,0.19000014692910377,0.2635775661135528,0.2558549330438071
2016-01-21,0.21087629721154294,0.18976893391325278,0.2652295819851399,0.25751978612697307
2016-01-22,0.21234152651487478,0.19211739634625052,0.27780166159956704,0.2605051932615001
2016-01-25,0.21238192274320608,0.19322034846773645,0.2766528681112824,0.26064157431920854
2016-01-26,0.21205388019173357,0.194363507784183,0.27787116715049875,0.2608600298089376
2016-01-27,0.21240641173653454,0.19485699749167412,0.27711366774524165,0.2587804287666686
2016-01-28,0.21249225456808285,0.19496982497119658,0.2771198237595895,0.2597872859206111
2016-01-29,0.21496405343609376,0.19776395839566574,0.2799295170698586,0.2616028927294073
2016-02-01,0.21483332835819463,0.19763307216717546,0.2804528556800824,0.2617510794367109
2016-02-02,0.2170581630419203,0.1984231711060762,0.279774663504459,0.2634915954889577
2016-02-03,0.21791258712158004,0.19825653209397465,0.2832356193290592,0.264216532947254
2016-02-04,0.21850974192288466,0.19828292554566676,0.2832485547703975,0.264254689619334
2016-02-05,0.21825807470208666,0.19985025947637522,0.2837511332896807,0.263337250771295
2016-02-08,0.22146115848856993,0.20070431259901533,0.283813712242998,0.2671268602176995
2016-02-09,0.2217791296614515,0.2006996490182043,0.2940683388165781,0.2679038313342084
2016-02-10,0.22202552361515518,0.2006123839075463,0.2956286349759066,0.2689979714322663
2016-02-11,0.22399054010623431,0.20102178104591956,,0.27322165529845466
2016-02-12,0.22766051161599385,0.2030957056781775,,0.2725922253633866
2016-02-15,0.22962392647248067,,0.31176749585848074,0.2753286716187797
2016-02-16,0.2298372180900577,,0.3117923337572187,0.2752395636733374
2016-02-17,0.2334632589061484,0.2036542344980804,0.3123244236035801,0.2780504349819075
2016-02-18,0.23378563100343325,0.20335446990697578,0.31364498836853405,0.2780500553637353
2016-02-19,0.23234593848193785,0.2033405060990849,0.3141745923692334,0.2770853496911855
2016-02-22,0.2331925894851467,0.20449318476327136,0.3144833473812826,0.277223924290479
2016-02-23,0.2303220503905069,0.20504132024200317,0.3145079912028907,0.2744453508204064
2016-02-24,0.22127736055061584,0.20499745399543975,0.31459788221049323,0.2653031703210222
2016-02-25,0.2197906824387788,0.20571737371999205,0.31527504108391313,0.25863638914246284
2016-02-26,0.21928506743842843,0.2054519318867601,0.3152767147805107,0.25911709587790765
2016-02-29,0.21364986607361763,0.20364022555645034,0.3154626316428878,0.2545920722146462
2016-03-01,0.2136603124218305,0.201479296988218,0.3154961416885338,0.25577772656477094
2016-03-02,0.21358704801739975,0.19335941327725487,0.3200822824920344,0.2559934752550317
2016-03-03,0.21206378826342862,0.19243114428278096,0.32028793154423396,0.25357544165389795
2016-03-04,0.20974702085448538,0.1846734795311423,0.32029585003418515,0.2537977918926148
2016-03-07,0.20965981973013956,0.18146092621821702,0.320306769068276,0.2519479553873464
2016-03-08,0.20940808199678432,0.18212647733395207,0.3204427910287927,0.24901535288375948
2016-03-09,0.20858455876013446,0.18191908952317684,0.3198568040266065,0.24897955719435613
2016-03-10,0.20945960283079024,0.1768990914957354,0.320126013129306,0.24936578880664367
2016-03-11,0.210682562282243,0.17653284399154312,0.3173397125618787,0.25356699710093183
2016-03-14,0.2106940787766699,0.1765332345023119,0.3110583185706177,0.25280911718314236
2016-03-15,0.2104830092807302,0.17518318893899515,0.3057354279763977,0.2526379118323422
2016-03-16,0.20957984494055618,0.17420106769912955,0.30284005906964745,0.25258802599732105
2016-03-17,0.20945050661409617,0.17428734608644125,0.3025109717436653,0.2523439983749172
2016-03-18,0.2085908697325974,0.174283402105571,0.3001217433799155,0.2517097185939137
2016-03-21,0.20859171230317552,0.174177212248091,,0.25175073748148513
2016-03-22,0.20453574138175437,0.17327250686148887,,0.2479516576747191
2016-03-23,0.20328797238985283,0.17309186175255556,0.2995818878590668,0.24768710436819288
2016-03-24,0.20372558584133327,0.17305312177424273,0.294475909242743,0.24413492920209298
2016-03-25,,,0.29454123533308635,
2016-03-28,,,0.29465694544820803,
2016-03-29,,0.17190504685637442,0.29297894578015465,
2016-03-30,0.20200629547806168,0.17189450265189007,0.2935939714554057,0.2448036769794084
2016-03-31,0.19897397686727994,0.17097952159285215,0.2916246617236695,0.24384879601620274
2016-04-01,0.1987208333620378,0.17115283286385669,0.27684095502565104,0.2412465558443954
2016-04-04,0.19548561802425873,0.17114607693600628,0.27453085258621523,0.23886999960521832
2016-04-05,0.19621004408543036,0.17179795957512944,0.27668898196866115,0.24137181817882933
2016-04-06,0.1964329191222694,0.168232916893572,0.2757232964703957,0.23929821673948806
2016-04-07,0.19263747005259496,0.16918082128548217,0.27569802170924895,0.2395710481967171
2016-04-08,0.19318266110801982,0.1671737946611875,0.27553452151679064,0.2402403240935552
2016-04-11,0.1931658927574601,0.16721653308739926,0.27483181608207496,0.23576442276137002
2016-04-12,0.193218568389366,0.16657303237573673,0.273890949577032,0.23554553347029186
2016-04-13,0.19492474169145585,0.1652109182513247,0.2756578093086874,0.24006751952173577
2016-04-14,0.1946775845846162,0.16512023454291092,0.27863922312167555,0.24028590448081918
2016-04-15,0.19462969537994268,0.16476109734078176,0.272297290202991,0.24003716368546782
2016-04-18,0.19395512262258474,0.1645548352677825,0.27427430397495295,0.24008087082537818
2016-04-19,0.1936750518181932,0.16460405288675622,0.27768081235499253,0.2408699454208255
2016-04-20,0.19347840950823242,0.1645989307151823,0.27768962123495683,0.2408631493801072
2016-04-21,0.19349966088038603,0.16447352534943113,0.2793434251471748,0.24000934251020523
2016-04-22,0.19413578873528778,0.16432284707903913,0.27949366669539794,0.23979205871498013
2016-04-25,0.19444291623833784,0.16304251560757788,0.2795412943094719,0.2400077478307081
2016-04-26,0.19441539719784084,0.1629392306315679,0.2792583314358124,0.23991013551777857
2016-04-27,0.19398768606484504,0.16295378942783767,0.27839003610526863,0.23983827928822793
2016-04-28,0.19390631215286513,0.1634801129068068,0.2819717484023446,0.23730234334156175
2016-04-29,0.19440869574497205,0.16342801884359948,,0.2393821540865175
2016-05-02,,0.1621208601853963,,0.23937091259965973
2016-05-03,,0.16182176837794077,,0.2404965639293828
2016-05-04,0.1944085581442548,0.1620102617415574,,0.24036090537763466
2016-05-05,0.19421988660455994,0.16197551810041694,,
2016-05-06,0.1940993150040396,0.1611503156843751,,
2016-05-09,0.19410963933284647,0.16115633522573075,0.2816685403525679,0.24057525771280036
2016-05-10,0.1943016969070121,0.16200914780264572,0.2828742177286876,0.2408633582663182
2016-05-11,0.19418596849906652,0.1616650965731308,0.28258930938266547,0.24092170955113223
2016-05-12,0.19435513896676165,0.16160858792910107,0.28258578959075725,0.2410439712998293
2016-05-13,0.19452541412213256,0.16196192631451448,0.28204156618102133,0.24131709322847023
2016-05-16,0.19413025996882105,0.1625843370173189,0.28193651425368715,
2016-05-17,0.1941249025152571,0.1631044831075944,0.2808224793042458,
2016-05-18,0.19405627032066097,0.16253705076455793,0.280668797952463,0.24148138362012944
2016-05-19,0.1939408499139807,0.16259122117591526,0.28038290990742387,0.2418590914080284
2016-05-20,0.1949300345288979,0.16277820195184395,0.2803253517295359,0.24208468555423776
2016-05-23,0.19487687004121562,0.16159627333895868,0.28039628360226604,0.24239647735324363
2016-05-24,0.19379145392041666,0.16196128599582582,0.2804745027022741,0.24512474430968362
2016-05-25,0.19403390041227864,0.16090118452109073,0.27976072475929603,0.2451687335800491
2016-05-26,0.19369174848372667,0.1608899022816093,0.2794056834232992,0.24497924101045943
2016-05-27,0.19369238788798904,0.15938392037891796,0.27923573181132727,0.24500638039042844
2016-05-30,,,0.27855747735810604,0.24211873068957776
2016-05-31,,,0.27889748554334104,0.2422755364846035
2016-06-01,0.1937845969688551,0.1593857364439133,0.2798416994074715,0.24238486450366395
2016-06-02,0.19368770968907276,0.15934392345221174,0.2817692050685063,0.24237755106912684
2016-06-03,0.19328265166712363,0.159386696085059,0.28178123583437314,0.24290535002733712
2016-06-06,0.19343274064499752,0.1595307258020419,0.2814554159224177,0.242530918280529
2016-06-07,0.19341206907911745,0.15954175210849095,0.2810325610718441,0.24223402774839434
2016-06-08,0.1934057602710227,0.15947384546065815,0.28135372406153325,0.24186936570455192
2016-06-09,0.19383098787641986,0.15877509657125927,0.2812384892851842,0.242222733324394
2016-06-10,0.1955235730179045,0.15853955742870612,0.2812782725823536,0.24475612104486696
2016-06-13,0.1935230717560349,0.1576284162427641,0.2856303322168,0.24603862702602755
2016-06-14,0.19543567403052545,0.15496187463217714,0.28582498092805403,0.24744994372236404
2016-06-15,0.19571234634778747,0.15467410667107212,0.2858811081581087,0.2429043552059247
2016-06-16,0.19472535277316816,0.15447356962043404,0.28893593114012733,0.24290726789315134
2016-06-17,0.1954536347692606,0.15415122220674196,0.2886956174197169,0.24305976420423567
2016-06-20,0.19979744401787222,0.15433774181022136,0.29067477690823157,0.24621553579498348
2016-06-21,0.1972199488675116,0.15182512822395886,0.2912928647848379,0.24639525052852498
2016-06-22,0.19637743309372335,0.15170716952517357,0.28980789324141704,0.24644936082674196
2016-06-23,0.19419407368368957,0.1521311325762429,0.289868556713964,0.24637746264817598
2016-06-24,0.19928675222293732,0.15941438815777692,0.3119303053002305,0.27597500230779465
2016-06-27,0.2024086185287106,0.16005934633358562,0.3136181162078824,0.2748656954829573
2016-06-28,0.2054315454234366,0.1600426763151518,0.3131237328019911,0.2768479492086343
2016-06-29,0.2112542237098989,0.16144998981038633,0.31365453650768027,0.27820596828336297
2016-06-30,0.2132677598559499,0.1620953372293578,0.3126587481817408,0.27811288910079407
2016-07-01,0.21081765720722548,0.16117885959899098,0.31194445738650506,0.2775579310754579
2016-07-04,0.21118101131398184,,0.30985981122632344,0.277720373936531
2016-07-05,0.2110030217929345,,0.3091110345781295,0.2768171710233607
2016-07-06,0.21166494848064385,0.16133568199759557,0.30905989212295676,0.2766727695357796
2016-07-07,0.20925189981766334,0.16064667890189113,0.309148047894328,0.2767238843464983
2016-07-08,0.20935583125809307,0.16172731333890134,0.30949997942936974,0.27831843174620924
2016-07-11,0.20957688592046905,0.16120490979883262,0.31458029376553603,0.27892625319092484
2016-07-12,0.20749398759890383,0.15991483538708137,0.3164162509061061,0.2789307070811477
2016-07-13,0.2072089490091292,0.15990007708963838,0.3165402661072398,0.2779732676490381
2016-07-14,0.20695737691898927,0.15885176876458573,0.31681271464374555,0.2785522355698577
2016-07-15,0.20659947280300311,0.1549602584828929,0.3169163617978299,0.27799929265640466
2016-07-18,0.2065495256101171,0.15407994277562548,,0.2779969966902961
2016-07-19,0.20621752708912958,0.15411462794129158,,0.27721544820309474
2016-07-20,0.2041793640895306,0.1538768229321879,0.3166227470704991,0.2756910938400584
2016-07-21,0.20418790213095808,0.14945195387663837,0.3150233614884966,0.27556555248151965
2016-07-22,0.20307145309641061,0.14788842742504707,0.3153644344355275,0.27472380087731
2016-07-25,0.19643882777417412,0.14440798482800024,0.3127721326199256,0.27057061948648015
2016-07-26,0.19510444048898667,0.14325210324650484,0.31106048806581105,0.26895337136637426
2016-07-27,0.19298784867732668,0.1431743807419785,0.31189223517253883,0.26647566580241766
2016-07-28,0.1930125127848966,0.1405977077996334,0.31190046089214274,0.2667556194970267
2016-07-29,0.19290019906327102,0.13856585281733524,0.3119051571710547,0.26661273443826433
2016-08-01,0.19228786891691976,0.1373672105006551,0.30721430008197964,
2016-08-02,0.19203237667210415,0.13672318513384615,0.3059086499692493,
2016-08-03,0.18892102182041146,0.13660627458859945,0.29634612471924576,0.2665721080343587
2016-08-04,0.18998512676320695,0.1324481053833737,0.29645794969262623,0.26505928944860524
2016-08-05,0.18711534117489007,0.13289041739911303,0.29451486187322995,0.2640004110635868
2016-08-08,0.18578497855818557,0.1298908731992929,0.2940312873999127,0.2637887534769046
2016-08-09,0.18545445622500512,0.12977020475666967,0.2939951342460786,0.26255746522933215
2016-08-10,0.18491550480846375,0.12988126574612988,0.2914153152995292,0.2611742554956891
2016-08-11,0.18042527352923063,0.1269464165690326,,0.2614993252359965
2016-08-12,0.17965648010329638,0.12507242659108742,,0.26115878173514656
2016-08-15,0.17951573437165622,0.12506229868221605,0.2901054473225713,0.25663701923234766
2016-08-16,0.17612491260698013,0.12541062602626865,0.2908737799961282,0.25575332676286716
2016-08-17,0.1716410886888011,0.12390683511348743,0.28759396859676056,0.2550986246591459
2016-08-18,0.16956779368353359,0.12122905261029694,0.2881972850712407,0.24853507551308737
2016-08-19,0.16946262153571556,0.11934202989471407,0.28760848744131967,0.24599230519163834
2016-08-22,0.16525698687255375,0.11908547450874012,0.28723368272884586,0.2430094754800139
2016-08-23,0.16466597930180885,0.11908110497731217,0.2762108277921672,0.24336423738296753
2016-08-24,0.16474029078038818,0.1179050945159923,0.2742016484477339,0.24059971096523836
2016-08-25,0.16372573124486586,0.11637954115266977,0.25632894465247963,0.2408257127988472
2016-08-26,0.1625871045775606,0.11633628767534493,0.2568802711694699,0.24069971072422525
2016-08-29,,0.11556717094282465,0.2581150744350927,0.23890259663363309
2016-08-30,,0.1155713348061316,0.2561811182443817,0.23819098086697776
2016-08-31,0.16102389222253705,0.11494236139633655,0.25569267551873354,0.23573806581944115
2016-09-01,0.1578411446722073,0.11033910345774295,0.2554146486154206,0.23415568546980162
2016-09-02,0.1595458540783825,0.11034559651237826,0.2553521555613933,0.23456917088321327
2016-09-05,0.15960993294391834,,0.25518851435047185,0.23446693394657422
2016-09-06,0.15968851495380598,,0.25447669035656495,0.2333250014936278
2016-09-07,0.159690731342034,0.11028630677515418,0.25452689888230834,0.2332247583701964
2016-09-08,0.15960686408720726,0.11030728834261884,0.2541484899568946,0.2332122761916002
2016-09-09,0.16000015487907643,0.11607421150006136,0.254105320443332,0.23340540938199283
2016-09-12,0.16084178934821297,0.11652784723333369,0.2488739093659196,0.23405987138644685
2016-09-13,0.16043860736243876,0.11844663969252166,0.2482570364368291,0.2345933515963155
2016-09-14,0.16039687005285164,0.11845649985445568,0.24838908428023798,0.23455468576440233
2016-09-15,0.1585055438448673,0.11711588574900646,0.248873911341679,0.23357617666086106
2016-09-16,0.15696558153247203,0.11724675702021409,0.24886527205409997,0.2292767575156731
2016-09-19,0.15814512246285714,0.11720210070735346,,0.22968026419575263
2016-09-20,0.1578847932241367,0.11697844775498496,,0.22940598165330672
2016-09-21,0.15773881974511758,0.11758495859110848,0.2500491927876173,0.22954302319845724
2016-09-22,0.1583346248297168,0.11776093647875838,,0.2316596669367714
2016-09-23,0.15829305856287607,0.11809169156258549,,0.2317278144706976
2016-09-26,0.15956707177869522,0.11877492063449112,0.2500353899562414,0.23321490761295383
2016-09-27,0.15960297942371648,0.11867877136046161,0.25021779851449216,0.23322517379903945
2016-09-28,0.1597730205456368,0.1188641173710423,0.2496491062292142,0.23338387302094435
2016-09-29,0.15866291520945153,0.11909997577769632,0.2502804734987503,0.23187746008543086
2016-09-30,0.15737589838122554,0.11944775682385948,0.25085670794981413,0.231217160538759
2016-10-03,0.15795802032637898,0.11951136216905266,0.2511841121683614,0.23046933929567787
2016-10-04,0.15861509354874553,0.11945507159792786,0.25083999026202725,0.22952519166400126
2016-10-05,0.15890893476472145,0.11947738104226895,0.25090846558464186,0.2295063216453644
2016-10-06,0.1580247921026814,0.11852038760947617,0.2508268844913724,0.22673675527272297
2016-10-07,0.15751750328759198,0.11777728280138872,0.25068357022569965,0.22683183263811663
2016-10-10,0.15759054204308273,0.11658646188600204,,0.2265390402612006
2016-10-11,0.15714753860649586,0.11798327068293339,,0.22588844547058093
2016-10-12,0.1575165621414776,0.11790407094422597,0.2509191788391344,0.22592884763439774
2016-10-13,0.1576858870336463,0.11727199839466786,0.2509657928613605,0.22637231531433674
2016-10-14,0.15567830754005355,0.11645679750512729,0.2503658303371905,0.22293870482848313
2016-10-17,0.15636609322387002,0.11654868396066341,0.250181735552171,0.22286725026034776
2016-10-18,0.15653533145035936,0.11683755053067768,0.24484079876662643,0.22354111986989916
2016-10-19,0.1565636038932221,0.11652995111257616,0.24481551592496234,0.22353522024969646
2016-10-20,0.15622709776534272,0.11648034640950455,0.24292815127935424,0.2226237960958679
2016-10-21,0.15624751900802628,0.11647813215786819,0.24297090292106233,0.22223281640617207
2016-10-24,0.1562726474976147,0.11639929208191166,0.24298138128976288,0.2223168255352086
2016-10-25,0.15540442145344718,0.11654107746099507,0.2431139077817429,0.22228380445606263
2016-10-26,0.15548057047057817,0.11653858186078801,0.2430014256334096,0.22203952268172464
2016-10-27,0.15549298011020626,0.11660363237007906,0.24261316182522855,0.22204131317117912
2016-10-28,0.15535386364726925,0.11667834320087539,0.23961406822978862,0.2220267410958352
2016-10-31,0.15566603046495575,0.11590244822393432,0.23543434897962387,0.2222997675349553
2016-11-01,0.15469524351304745,0.11608825464278512,0.23536701550468433,0.21820489370957105
2016-11-02,0.1544494032324483,0.11597427031944862,0.23152741277442337,0.2191700434602275
2016-11-03,0.15497561182666647,0.11547512969442913,,0.2174138368593344
2016-11-04,0.15647996609260634,0.11517809024968477,,0.2169207791865315
2016-11-07,0.15807265847084068,0.11923411066645175,0.22697744787793142,0.21824927771781735
2016-11-08,0.15797245977168073,0.11926549791266251,0.22696742054977903,0.2180816276917208
2016-11-09,0.15849346122889366,0.12021468780678385,0.23700580679310682,0.21828279881089951
2016-11-10,0.15889789792713008,0.11901848411538155,0.2538885216470282,0.21806844824940552
2016-11-11,0.16023157119064654,0.11819740360821962,0.2536649785391675,0.21802802431937632
2016-11-14,0.16026277992364904,0.11819689090329744,0.25467849073043985,0.21790968990132878
2016-11-15,0.16039920066167146,0.11792183159653188,0.2546186615412506,0.2171402881725081
2016-11-16,0.1607132368278505,0.11722496198478463,0.24949243307974966,0.21652424098837927
2016-11-17,0.15857391532148374,0.11651789333077918,0.2493439203707238,0.2161228631171205
2016-11-18,0.15703692300863645,0.11659174557137346,0.24771465574217022,0.21329771201894157
2016-11-21,0.15693158862783968,0.11683683090191109,0.24792164740421668,0.21203578697527573
2016-11-22,0.15609213907480987,0.11660704510359729,0.24789914534821783,0.21205465832235484
2016-11-23,0.155850057026221,0.1165443357644993,,0.21211250734245163
2016-11-24,0.15585513076882943,,,0.21208390194344826
2016-11-25,0.1558608158732423,,0.24702317535342783,0.21174620123328533
2016-11-28,0.15584226891242925,0.11536044174617324,0.24701164121954602,0.21195400518952595
2016-11-29,0.1559712240535887,0.11499766834340376,0.24659355269413405,0.21216708970702625
2016-11-30,0.15591401105832117,0.11507714328023012,0.24659004886524002,0.2115194445926114
2016-12-01,0.1554995125433266,0.1150773289737552,0.24704076978651415,0.21175483729044933
2016-12-02,0.15558786971118868,0.11507190014082071,0.24706316898959807,0.21113975956412506
2016-12-05,0.15557984902461158,0.11527862200870365,0.24725681531445634,0.21160220274800495
2016-12-06,0.1548033974375047,0.1152623934444937,0.24691728005408123,0.21216107511541696
2016-12-07,0.15418515108225136,0.11647853141329881,0.24619271736792556,0.2094129194241612
2016-12-08,0.15319689359609234,0.1164971367317092,0.24696981889936714,0.20808515746314757
2016-12-09,0.1501518627969069,0.11668332696188669,0.24747313160305612,0.20594025453869017
2016-12-12,0.15063724013921523,0.1166638456384523,0.24701635979662231,0.2053997350642577
2016-12-13,0.1512097569197968,0.11613903236650515,0.24675748016337556,0.2058023757617452
2016-12-14,0.15056919201725016,0.11613933694673483,0.24556461920296627,0.20577658871148552
2016-12-15,0.1451436719121812,0.11617642969385858,0.2431152870321131,0.20150184145470115
2016-12-16,0.14509905868836476,0.116172543646943,0.24318467577031383,0.20125472831007749
2016-12-19,0.1449522728939026,0.1161350413056222,0.2430997919818081,0.20122677004955045
2016-12-20,0.1441187625463652,0.11607294826053698,0.24308328581140012,0.19959182828120792
2016-12-21,0.13632749175590006,0.11593407819862767,0.24285091952588234,0.15187307066961744
2016-12-22,0.13083501348384577,0.11595192125015176,0.24239098515571056,0.14564688671910805
2016-12-23,0.12598512273816675,0.11590947280849537,,0.1426285884072579
2016-12-27,,,0.2422864091523041,
2016-12-28,,0.11520001568217933,0.23656409660157557,0.1382219981295948
2016-12-29,0.11628961282171606,0.10238320811883872,0.2369253589718848,0.13756196539353427
2016-12-30,0.11221396354918188,0.09903755979385108,0.23693379312886098,0.13751592662570974
2017-01-03,0.11137160226365612,0.09673637390637162,,0.13724845920799877
2017-01-04,0.11061348922731606,0.09424802467004831,,0.1346207965803342
2017-01-05,0.11054226300325766,0.09249670638976591,0.23255590924156086,0.13159572008211867
2017-01-06,0.10891662526032186,0.09256901178811656,0.23228645409803245,0.13139573130999233
2017-01-09,0.1080749493264935,0.09250815700783144,,0.1287831959876232
2017-01-10,0.10767726855110242,0.09248949580555141,,0.1270078621461049
2017-01-11,0.10605272099677368,0.09018457518507446,0.23021686547603853,0.12513819439791563
2017-01-12,0.10604481720330898,0.09015998687942618,0.2303770506992702,0.1254952461465979
2017-01-13,0.10628437814678031,0.08969600608434766,0.23033842038957544,0.1252941620778757
2017-01-16,0.10623756464861457,,0.23046615776082346,0.12605938166128666
2017-01-17,0.10842672818627833,,0.19872741135700941,0.12603801123547728
2017-01-18,0.10841706655523799,0.08971704059142567,0.19625744791692218,0.1256377604614048
2017-01-19,0.10875131892446774,0.08962337801013329,0.19658386125222935,0.12469020532816123
2017-01-20,0.10862441506550251,0.08970913338234902,0.1955379712089376,0.12471189882285662
2017-01-23,0.10887242432187945,0.08976390307141047,0.1965791716393131,0.12537166104563185
2017-01-24,0.10872152694904298,0.09016060402419586,0.19664040653253315,0.12538883949916219
2017-01-25,0.10862769459953021,0.09063895334703877,0.19740086410306754,0.12662522423091088
2017-01-26,0.10861187552465251,0.09047301526178758,0.19848448282029374,0.12643424035953865
2017-01-27,0.10857106222694245,0.09029914970756894,0.19642696301717016,0.1255070832168439
2017-01-30,0.10922521531910359,0.09062708138030261,0.19630250381902817,0.12650886516898863
2017-01-31,0.10931587734179596,0.09064411308238256,0.19724954321084068,0.1274204341797115
2017-02-01,0.1090940298018944,0.09061749475564713,0.189948029468023,0.1275814329662944
2017-02-02,0.10869167400179718,0.09060052407364988,0.1880254195771093,0.12623369515429958
2017-02-03,0.10898414221891185,0.09110649886831979,0.18772857651570468,0.12640944286742162
2017-02-06,0.1068762966276248,0.09114550404609117,0.18735726117563828,0.1256887758184291
2017-02-07,0.106375839958321,0.09063422541331524,0.18726172857388246,0.1255698037291278
2017-02-08,0.10634245330142793,0.09055377159582911,0.18730438242382186,0.12483231158258826
2017-02-09,0.10628682928564494,0.09086498657540226,0.18724505121435694,0.1259015340107856
2017-02-10,0.10638158302021317,0.09023828198720515,0.18951998654148638,0.12595940074281076
2017-02-13,0.10602017365090745,0.09047343462843868,0.18956050230296367,0.12581921560172643
2017-02-14,0.10605044719132341,0.09061088135007236,0.18911584354429226,0.12453015354793302
2017-02-15,0.10612209435724067,0.09070263627561483,0.188202537923107,0.12450050265698076
2017-02-16,0.1057586211051787,0.09052975356268284,0.18755472176166557,0.12387694818180327
2017-02-17,0.10553557114687027,0.0905250130160678,0.18769545243815874,0.12379616711653785
2017-02-20,0.10552894249188835,,0.18764558691129746,0.12291728686244172
2017-02-21,0.10563911608644402,,0.1864723214137029,0.1232124222840561
2017-02-22,0.10551037736225287,0.09049636351408595,0.18426657311526018,0.1227178164298661
2017-02-23,0.10544678704050547,0.09009150457433925,0.18379733529967487,0.12239444539642438
2017-02-24,0.10536036758530538,0.09008204396581942,0.18396826129748375,0.12299650870835059
2017-02-27,0.10526756214959154,0.09005398694853213,0.18160548644824595,0.12218434724764939
2017-02-28,0.10520971328307727,0.09011899025461072,0.1814062960285962,0.12214603452472084
2017-03-01,0.10719201427286269,0.09197365133115441,0.18235675795172435,0.1254162778712586
2017-03-02,0.1068689464019319,0.09241452297584608,0.18260432387632444,0.12234098106254127
2017-03-03,0.10256719429303159,0.09203955652565102,0.18112293697491766,0.12250900154398849
2017-03-06,0.1026358215540251,0.09216304305211823,0.18096118338987363,0.12266986527621578
2017-03-07,0.10199965418893492,0.09224654460593507,0.17944567395101796,0.12236639831669821
2017-03-08,0.10195119375911368,0.09210011994852585,0.17959769442794535,0.12227669445900972
2017-03-09,0.10203384412226578,0.09203191587498677,0.1796022613887871,0.12155173484453904
2017-03-10,0.10058399869787124,0.09201417985559664,0.18033411255956877,0.11987065997876005
2017-03-13,0.099213146732793,0.09201018236192764,0.18020482099762078,0.11828250469878554
2017-03-14,0.09888556165684234,0.09203966698941664,0.18016149834503492,0.11840244588760386
2017-03-15,0.09888897713204194,0.09269013396017961,0.17924308300245187,0.11839982835583168
2017-03-16,0.09860168575895638,0.09265702065477352,0.17661169426130396,0.11719339206218718
2017-03-17,0.09846234520464434,0.08531218420615451,0.17671404265577811,0.11634572736044317
2017-03-20,0.09626330354933227,0.08311496574566521,,0.11646207778404621
2017-03-21,0.09682222680477129,0.08225249691141057,,0.11637255368639157
2017-03-22,0.09745826516149,0.08224900167870043,0.1791592134976051,0.11220087324831682
2017-03-23,0.09630335906327477,0.08119970697513863,0.17915874636395313,0.11232315451058233
2017-03-24,0.09630764239536836,0.08098424475938437,0.17954581950846663,0.10883077812437404
2017-03-27,0.09473371913695942,0.08101335848003391,0.18067491024322904,0.10884989242375043
2017-03-28,0.09511013976734602,0.08154421599002978,0.1812809097954659,0.10900058405142984
2017-03-29,0.09491764036529415,0.08025081421682731,0.18114593402630133,0.10902018038003725
2017-03-30,0.09393212413428018,0.0798848362267453,0.18149767796248498,0.10897137237267832
2017-03-31,0.09430511459948632,0.07947682372009726,0.18193655505972584,0.10909143074164114
2017-04-03,0.09318547579598803,0.07844594524335656,0.18013295958448292,0.10909706220286904
2017-04-04,0.09172155854639458,0.07801712773263493,0.18066111309835456,0.10907296251422327
2017-04-05,0.0913287280217474,0.0779062223816544,0.18034427792377888,0.10913507529747707
2017-04-06,0.09124206524438533,0.07663107714479729,0.18057315700499255,0.1086546032101448
2017-04-07,0.09123983271144588,0.0759512991364667,0.18041012651420069,0.10762845960698389
2017-04-10,0.09065917991702407,0.07575277562106796,0.17878828654059667,0.10756617973306555
2017-04-11,0.09052448140833003,0.0753916997982734,0.17784243338825348,0.10745945419245669
2017-04-12,0.09005674751623104,0.07546738825817839,0.17823084572393377,0.10608027572515426
2017-04-13,0.08963397090686263,0.07619304516842328,0.1774550670211554,0.10421367345191127
2017-04-14,,,0.17666064687556066,
2017-04-17,,,0.175305899035377,
2017-04-18,,0.07615952745005411,0.17495264004942826,
2017-04-19,0.08964762030349546,0.07600240305587572,0.174622929896404,0.10384930624440336
2017-04-20,0.08857022460571258,0.0743613043096763,0.1745152296257285,0.10273884188421673
2017-04-21,0.08798478787145718,0.07453855447637113,0.17495538009767805,0.10271232947607606
2017-04-24,0.09260238835451902,0.07572465891822405,0.1758618934461967,0.11570482307380281
2017-04-25,0.0926140034088014,0.07609930531848375,0.17562895985630547,0.11569796146086815
2017-04-26,0.09261412260555213,0.07592764029209736,0.17606038049891623,0.1156134831400909
2017-04-27,0.09292427177580184,0.07554205793496824,0.17602534483558419,0.11578559041497345
2017-04-28,0.09301805927615388,0.07560551245683023,0.17609466597119275,0.11573492174094067
2017-05-01,,0.0755611022756618,0.17619037069937912,
2017-05-02,,0.07555505364032586,0.17638869786580436,
2017-05-03,0.09222576215884656,0.07539100277771633,,0.11574377693995169
2017-05-04,0.09210116124371287,0.0751187650374659,,0.11656739800582429
2017-05-05,0.09253274411775453,0.07518494097602824,,0.11626490542802669
2017-05-08,0.09207132197191559,0.07500138484480494,,0.11531993516448001
2017-05-09,0.0919778592021332,0.07484016100982606,0.1755119445730951,0.1130900322723159
2017-05-10,0.0909268467512789,0.07482969126734583,0.17544894813531461,0.1130135546875154
2017-05-11,0.09006928175088563,0.07416031366511466,0.17545342044919607,0.11297241911520153
2017-05-12,0.08779741999283713,0.07348370688860965,0.17532754847260804,0.11048311975868773
2017-05-15,0.08486038750280243,0.07328995109329867,0.1753381195273735,0.11039276529518116
2017-05-16,0.08541810765828778,0.07323193504440237,0.17526096704239524,0.1096132981047797
2017-05-17,0.0845444253938494,0.07211286185617051,0.1752999068789009,0.11210494009541244
2017-05-18,0.08366889438534354,0.0721055900123953,0.176398442328725,0.11221820164442119
2017-05-19,0.0809915982601746,0.07111459650112226,0.1764062221872689,0.11246757982565099
2017-05-22,0.0809939872197124,0.07137817635463968,0.17450411497252022,0.11259606008005155
2017-05-23,0.08076143712384928,0.07133777824756897,0.17326616210947138,0.111992368952003
2017-05-24,0.0802152648199435,0.07137463658977576,0.17345928172162875,0.11199263444734488
2017-05-25,0.07980800540800319,0.07092437376155766,0.15417103112003175,
2017-05-26,0.0797496761479843,0.07085358811778693,0.1248288587868357,
2017-05-29,,,0.12482507749473304,0.1113904539915447
2017-05-30,,,0.12263250155200983,0.11168918536253566
2017-05-31,0.07978648847546688,0.07064358248851936,0.12265708046990573,0.11172638466241808
2017-06-01,0.0795074445519885,0.07117799511906667,0.12260288217123153,0.11151311169438154
2017-06-02,0.07949076312353517,0.0706624273443965,0.12450890844289837,0.11177476725945616
2017-06-05,0.07966694784526791,0.07068248473535077,0.12429175974305531,
2017-06-06,0.07967127627890347,0.07085026154164834,0.12468498047115446,
2017-06-07,0.0796942408861531,0.07035917161431922,0.12462546740574941,0.11183578240400731
2017-06-08,0.07966725831884269,0.07035573406101635,0.12472553564415866,0.11064324793857748
2017-06-09,0.0807701045364348,0.07022816947308824,0.12489012915824044,0.11055442756853533
2017-06-12,0.08050144788943571,0.07001185694036233,0.12506856412397294,0.11205468831508801
2017-06-13,0.08035176648323644,0.07021414311899174,0.12507405256687196,0.11151453687367942
2017-06-14,0.08057269747512719,0.06988539820350374,0.12414427269803857,0.11129109300587664
2017-06-15,0.08122794663536699,0.06990063124512728,0.12400867630230612,0.11069188849535197
2017-06-16,0.07785693162586196,0.06762051773392776,0.12363081914628042,0.10894240098317932
2017-06-19,0.07838464969045361,0.06847024971799945,0.1237579281947395,0.1083077912455869
2017-06-20,0.07903387660815012,0.06882240437632924,0.12383932325391564,0.10718892314307765
2017-06-21,0.0779774194872762,0.06880024346856169,0.12241576087958286,0.10719347906656093
2017-06-22,0.07655821511609143,0.06827610015449606,0.1212466363357065,0.10719442362186218
2017-06-23,0.07649826644902646,0.06718287967413114,0.12069803347614143,0.10627544402976428
2017-06-26,0.07601608103222232,0.06701343795230805,0.12050696801867944,0.10572843066252188
2017-06-27,0.07606559151944457,0.0680379406628246,0.1206065986418516,0.10513142519461105
2017-06-28,0.07668433083858392,0.06901711458779905,0.12079009746353436,0.10511097316489955
2017-06-29,0.07695019825294187,0.07006820378172833,0.12059574946774032,0.10853589818329919
2017-06-30,0.07734746798875855,0.06996662939530073,0.12131464227000821,0.10896821769698552
2017-07-03,0.07814931663799925,0.06993895510927643,0.12108953088911957,0.11062418598500334
2017-07-04,0.07827751491324504,,0.12104698999774575,0.1107740526492235
2017-07-05,0.07825853971543377,,0.1210924950283585,0.11077694134513143
2017-07-06,0.07842595751093669,0.07131093645993566,0.12124795164052614,0.11103058614246161
2017-07-07,0.0781898453840225,0.07070402797925797,0.12133259202984546,0.11096367759813552
2017-07-10,0.07823297618830066,0.07069745358109014,0.12033262441758416,0.11083661669119713
2017-07-11,0.07866429162880934,0.07033930599223336,0.12056700740027392,0.1105869940492863
2017-07-12,0.08029276533793325,0.07009277482683299,0.12064574461552467,0.11235635676166428
2017-07-13,0.0801515484866969,0.069731052734248,0.12053996719579364,0.11242675641112813
2017-07-14,0.08017361596824302,0.069954171818989,0.12046412214228384,0.11243342702706537
2017-07-17,0.08026204612594443,0.06983099725334359,,0.11236773523369381
2017-07-18,0.08032073753841083,0.06958942067116296,,0.11350178691345723
2017-07-19,0.08022069519400056,0.06991593775410948,0.11922918234087089,0.11378151029192961
2017-07-20,0.08085533974264483,0.06985097752453327,0.11902397467029213,0.11334509423366987
2017-07-21,0.07831139697733548,0.06975679375088517,0.11817967027098045,0.11411427993585298
2017-07-24,0.07957377573480233,0.0697718583436063,0.11656214940222576,0.11331572999124316
2017-07-25,0.0798331604504335,0.06983121110387246,0.11644407221699918,0.11346260330656023
2017-07-26,0.07983808373200692,0.06957745028805998,0.11590243216550801,0.11359982098529912
2017-07-27,0.07924656089893227,0.0695006302111212,0.11582808460091444,0.11357326272104598
2017-07-28,0.08063796836488467,0.06939906861217325,0.11462970160847458,0.11408149309421342
2017-07-31,0.08060730578220644,0.06889866505542602,0.11437036127766761,0.11373335985371773
2017-08-01,0.08113568147639968,0.06812748005675161,0.11271382857625845,
2017-08-02,0.08109468975117357,0.06810565194190317,0.11005499980710429,
2017-08-03,0.08072251933091085,0.06818390258586418,0.11002645767950085,0.11371614456826433
2017-08-04,0.08082126409508084,0.06757862245049019,0.10992334058028921,0.11334366161116699
2017-08-07,0.08087019442631868,0.06756587636243302,0.10738481651855479,0.11328956163074293
2017-08-08,0.0806758642416977,0.06769580531093511,0.10721881382193825,0.11307710722982281
2017-08-09,0.08073988365760101,0.06770770100778928,0.10738329434713986,0.11335252950759632
2017-08-10,0.08341037708145804,0.07032811049224516,0.10738765717289771,0.11339917037847137
2017-08-11,0.08488958935217303,0.07025133893486415,,0.11344876962385497
2017-08-14,0.08526920895967152,0.0715538796557623,,0.1147641215372306
2017-08-15,0.08510095516678272,0.0715658613871061,0.1083922307042458,0.11457117026817878
2017-08-16,0.08540569445275842,0.07118230564818383,0.10828078778658347,0.11374403375900607
2017-08-17,0.08581890102283106,0.07453482713631557,0.1080886107663566,0.11418186125045407
2017-08-18,0.08672104306100992,0.07425467414805285,0.10916320168318056,0.11442536928220526
2017-08-21,0.08650204002583545,0.07407073199680193,0.10361920266453022,0.1136694813721854
2017-08-22,0.08715366616613685,0.07503128836492795,0.10345148991096186,0.11429341892971946
2017-08-23,0.08706559196643168,0.07519672387970687,0.10225104628441624,0.11367562522847405
2017-08-24,0.08717073937269633,0.07523573638723992,0.10137279602831757,0.11368740353571521
2017-08-25,0.08702168219008316,0.07524387543891911,0.10141946164318653,0.11358549651310848
2017-08-28,,0.07524434526916028,0.10107452068725108,0.11369647402811948
2017-08-29,,0.0752273793681439,0.10127305343484456,0.11456794953549912
2017-08-30,0.08702346823905444,0.07547751354428839,0.10136579981316521,0.11472057321407916
2017-08-31,0.08760731353202472,0.07576684749258232,0.10186377536659949,0.11439834849120015
2017-09-01,0.087404264320297,0.07340185443747282,0.10190939898965587,0.11473370468252687
2017-09-04,0.0875862777897892,,0.10257460422757861,0.11486084923070798
2017-09-05,0.08793445195471696,,0.10213226215208308,0.11417536065350671
2017-09-06,0.08503065072183798,0.07300402614800043,0.1021521516806819,0.11426334682477686
2017-09-07,0.08539872547912024,0.07300588389089459,0.10017087772609955,0.11431428837811598
2017-09-08,0.08547480261847827,0.07287448574605664,0.09976394783917739,0.11047258790678192
2017-09-11,0.08557407654072349,0.07422788530649706,0.10150308558373494,0.11205645599214303
2017-09-12,0.08558455292523665,0.07424809535001187,0.102631007877982,0.11200874951059314
2017-09-13,0.0856909621465812,0.07424768676327392,0.10277837420073636,0.11183562043327211
2017-09-14,0.08719837656910027,0.07416796159347737,0.10264299732709058,0.11182631290536853
2017-09-15,0.08847518991731498,0.07419645038537684,0.10278516389517073,0.11193176167161958
2017-09-18,0.08865996016188335,0.07401381073665386,,0.11172263816134334
2017-09-19,0.0887336675707093,0.07315968689997206,,0.11170969526755094
2017-09-20,0.08871811711344735,0.07310418530066039,0.10069083111952574,0.11174162775223874
2017-09-21,0.08828170412493633,0.07322745780937166,0.10070128183280397,0.11161918151635886
2017-09-22,0.08872156382377568,0.07314826737364064,0.10075151388825197,0.11156418769498222
2017-09-25,0.08873990165465193,0.07090662304627743,0.10095627680934255,0.11091823573606696
2017-09-26,0.08822783449499401,0.07088098260745893,0.1010713025494491,0.11088249204400029
2017-09-27,0.08773873308030912,0.07102859182184411,0.10104436077230165,0.11099083789898809
2017-09-28,0.08770723464801711,0.0710085012446227,0.09642121060602771,0.11095982281466842
2017-09-29,0.08819303886078143,0.0711138384469873,0.09638406413944396,0.11149007332934982
2017-10-02,0.08858566199125524,0.07063725937716923,0.09557745565596054,0.11083440078623388
2017-10-03,0.08825706297223156,0.07067004732681918,0.09431784908652169,0.11076403204339563
2017-10-04,0.08809725636257713,0.0705958774823562,0.09302104137144991,0.1108169853930159
2017-10-05,0.08837674960220071,0.07084683279559634,0.09301999954330605,0.11048873786841597
2017-10-06,0.08788168771332489,0.07081502626123425,0.0923166137537624,0.11052893273714151
2017-10-09,0.08754166819811943,0.07089716373128324,,0.11053372824642356
2017-10-10,0.08741382058308193,0.07074726091747963,,0.11041052065848385
2017-10-11,0.08741761717998495,0.07074283521967557,0.09156461584578554,0.1097993008540764
2017-10-12,0.08726806225531064,0.07078902629648773,0.09153707664935133,0.10976697930011638
2017-10-13,0.0869949681415036,0.07078988927608183,0.09136681447869309,0.10968734383036997
2017-10-16,0.08701981511187014,0.07074638950260927,0.09150264530388574,0.10950305011208984
2017-10-17,0.08702008710835052,0.07046570997691211,0.08913862389548426,0.10948494389140265
2017-10-18,0.08705091542164534,0.06964494933600619,0.08905168403079633,0.10934833741738596
2017-10-19,0.08703041445578033,0.0694529262266747,0.0887150592574083,0.10949875163142521
2017-10-20,0.08673002677056867,0.06963001680579115,0.0885803623147895,0.10949335761877688
2017-10-23,0.08673103832288195,0.06929755013825617,0.08828963354861788,0.10912887347710046
2017-10-24,0.08671921381313219,0.06909905438707284,0.08776726903768531,0.10905609361263598
2017-10-25,0.0831481389456299,0.06803339046643465,0.08770352982053249,0.10911972989716877
2017-10-26,0.08343319642749814,0.06759903222783618,0.08770537026518088,0.11049101954502405
2017-10-27,0.08346332130574191,0.0683913523568821,0.08906547950509208,0.09597563154888898
2017-10-30,0.08288386778677093,0.06861039919297178,0.08907495838838653,0.09602122622328774
2017-10-31,0.08258782856192642,0.06851421694128866,0.08907252441341601,0.0960918664611403
2017-11-01,0.08252393152373089,0.06851013442753444,0.09145612735012187,0.09625646724222435
2017-11-02,0.08338641450365979,0.0685094227898187,0.08992743471133682,0.09631069306220139
2017-11-03,0.08289349924635449,0.06853918403091737,,0.09627158081311034
2017-11-06,0.08289353232403285,0.0685437983651563,,0.09498396535609244
2017-11-07,0.08311969291048844,0.06838520447562758,0.09173660090796107,0.09470126842679277
2017-11-08,0.08278743196882028,0.06838799120941454,0.0907278443002714,0.0944829395621456
2017-11-09,0.08326845473382082,0.06863538564078665,0.09072930609312593,0.09591033744676847
2017-11-10,0.08335793634867696,0.06866710148687206,0.09151447010273504,0.09618368601047592
2017-11-13,0.08335695374089386,0.06855202459313614,0.09348370255172299,0.09609554267160948
2017-11-14,0.08236862423147909,0.06861464183375698,0.09309119753066945,0.09619932335582695
2017-11-15,0.08268218278878242,0.06891855691858116,0.09591674580188302,0.09626828953721311
2017-11-16,0.08174024111785762,0.06972299470523899,0.09784028889556354,0.09658210628112214
2017-11-17,0.08148963228913378,0.06443421879563715,0.09780318109618316,0.0942095859281876
2017-11-20,0.0813615848336546,0.06430503287152003,0.09805966873207336,0.09393797363611682
2017-11-21,0.08144289487668656,0.06426356602119224,0.09841458214220299,0.09369440097844307
2017-11-22,0.08126332600524692,0.06399095040286226,0.0985402777148276,0.09383864811619327
2017-11-23,0.08126213418779529,,,0.09362937631492203
2017-11-24,0.08107512996938636,,,0.09363606091686194
2017-11-27,0.08121157293893526,0.06398882356035653,0.09826258531900056,0.09389033023938478
2017-11-28,0.08241608696617134,0.06522753772523994,0.09618468032202894,0.09392878791677713
2017-11-29,0.08339225736955877,0.06503348597929974,0.09633578207231527,0.0939161275650048
2017-11-30,0.08426734080226497,0.06587847641717444,0.09643461523115052,0.09413949474123065
2017-12-01,0.08440750090653065,0.06597457219726031,0.09633065788733361,0.09514412644171354
2017-12-04,0.08431538941384785,0.06530866752294362,0.09638475973286008,0.09709658419582018
2017-12-05,0.08417302716882531,0.06546514680258445,0.09655005279250557,0.0969385592389336
2017-12-06,0.0829651813252473,0.06542092909721273,0.10042750939361778,0.09659581311751651
2017-12-07,0.08307604990238174,0.06531736092981338,0.10221719484894909,0.09524475442831615
2017-12-08,0.0842651805475389,0.06565926420116652,0.10380344733231876,0.09535765279742608
2017-12-11,0.08488673743709328,0.06574969113976481,0.10393719788542581,0.09533104109646162
2017-12-12,0.08467318340762654,0.06572136415285193,0.10323050565570419,0.09517936942358501
2017-12-13,0.0842772727448203,0.06569830733843447,0.10135995546040258,0.09519849056552533
2017-12-14,0.08402034784734284,0.06583387505210081,0.10147884915551471,0.09467262442057775
2017-12-15,0.08383986393069244,0.0668110384018234,0.1009103855237893,0.09439559943560474
2017-12-18,0.08413511967401416,0.06698300991377291,0.10295833834874081,0.09631601062914737
2017-12-19,0.08412154126083501,0.06722548680819367,0.10279480632341594,0.0969225445411749
2017-12-20,0.08414878647577935,0.0664050090116784,0.10262006789626188,0.09751651458822058
2017-12-21,0.08529295574240144,0.06557192785422881,0.10228146057759996,0.09751664088050373
2017-12-22,0.08528527120964358,0.06556686893218781,0.10226242501055824,0.09731200751869516
2017-12-25,,,0.10223360220995062,
2017-12-26,,,0.10219551065632784,
2017-12-27,,0.06554238603105046,0.10198922127903527,
2017-12-28,0.08477665306972777,0.06554979782264922,0.10213699122139507,0.09785636084738543
2017-12-29,0.08521176939322189,0.06609541574614686,0.10165420157531907,0.09467030524858368
2018-01-02,0.08521818275438621,0.06571843595102753,,
2018-01-03,0.08446298898983554,0.06522632061317707,,
2018-01-04,0.08444738614269705,0.06394661409914054,,0.09674835849295647
2018-01-05,0.08456242662006314,0.06450844308953571,0.10198280275578425,0.09581610182725697
2018-01-08,0.08450855792169235,0.06448896589818943,,0.09571499918609169
2018-01-09,0.0846792260938523,0.06275149157239013,,0.09573464749964135
2018-01-10,0.08466340986616802,0.06237458866901637,0.10205199785649718,0.09563082537807735
2018-01-11,0.08426599033636024,0.06294191439214071,0.10222559336744319,0.0958280993627297
2018-01-12,0.08273867883732104,0.06338515187804332,0.10233161838616048,0.09589178819935645
2018-01-15,0.08276173487400025,,0.10228951430212793,0.09570899455060017
2018-01-16,0.08249245436783358,,0.10277730868691141,0.0936052693708924
2018-01-17,0.08260801581456491,0.06386004393580177,0.10285107075184152,0.09356180692073791
2018-01-18,0.08269864415585905,0.06397319783614229,0.10210369132102536,0.09360289248742404
2018-01-19,0.08252693258019844,0.06394263533543933,0.10211169928710788,0.09411752746153647
2018-01-22,0.08193445444663085,0.06465752645368399,0.10207016630050432,0.09297260771818092
2018-01-23,0.08166844991441614,0.06466612536318127,0.10342060182866997,0.09263033556740322
2018-01-24,0.08204122253188684,0.06444310347615853,0.10386767470603311,0.09336813513481682
2018-01-25,0.0815469478346378,0.06442068660941644,0.10517587301723932,0.0913734133354064
2018-01-26,0.08197512762644792,0.06610026523859351,0.10481179559974486,0.09158241331421876
2018-01-29,0.08194990467460926,0.06698950859613546,0.10459850761357417,0.0912757452540358
2018-01-30,0.08218059005800704,0.06912342585014018,0.1065006113702232,0.09219066359574803
2018-01-31,0.0828555552294683,0.06911902839217465,0.10727637266638239,0.09219194130616429
2018-02-01,0.0827136213388132,0.06910074212303059,0.10961913239021975,0.09248036035463718
2018-02-02,0.0831721193071659,0.07603943511251819,0.11050629048727828,0.09471270795523667
2018-02-05,0.08487357726086636,0.09717380296709549,0.11643212084308949,0.09639914534391306
2018-02-06,0.09255784856921724,0.09995949091921026,0.13538817715915444,0.10097487805715573
2018-02-07,0.0964912986087924,0.1002911384272522,0.1351026233852113,0.10401958821615516
2018-02-08,0.09870706825638755,0.11437586890936705,0.1359954924316519,0.10868141757270132
2018-02-09,0.09953612191529589,0.11615967541813121,0.13993809748193456,0.10915002391664792
2018-02-12,0.09898097756875072,0.11766240652375815,,0.10977986796246476
2018-02-13,0.09781715495680919,0.11761542404919591,,0.10980750027813045
2018-02-14,0.09787035348348885,0.11895791420546463,0.14005780698255657,0.10893700989574483
2018-02-15,0.09778210044535098,0.1179777996303216,0.1412939664774812,0.10916517710402239
2018-02-16,0.0980336746654404,0.11798015977592971,0.14221950227984642,0.10988073647930174
2018-02-19,0.09808156012680519,,0.14475748554589138,0.10977850777321503
2018-02-20,0.09731697729472297,,0.14539849038647945,0.1101851957052536
2018-02-21,0.09755194486397964,0.11762757233762212,0.14536312551510425,0.10981184129170361
2018-02-22,0.09694948979173133,0.1176119435695216,0.14608663704552882,0.10900985698893172
2018-02-23,0.09695924911545772,0.11951797133117638,0.14624779730085896,0.10886039693582276
2018-02-26,0.09725381201499689,0.11812196177997708,0.1470758658972828,0.10919577697707507
2018-02-27,0.09725732761652026,0.11969325380323581,0.1465288558460203,0.10918624336573533
2018-02-28,0.09758199718616899,0.12094328979414695,0.14806678520048455,0.10922794678382138
2018-03-01,0.09732514842838731,0.12197901241283798,0.14906053394906454,0.10962171161629077
2018-03-02,0.099449472410784,0.12197083614819051,0.15338097398763895,0.11381261605823742
2018-03-05,0.09982352201870545,0.12272426200629152,0.15366117940681664,0.11432588408321676
2018-03-06,0.09979709221651675,0.1227425422300296,0.15472232020623625,0.11393575490008546
2018-03-07,0.09977664428000368,0.12275844647815454,0.15502233590028092,0.11412549228103036
2018-03-08,0.09984118172970213,0.12285556482292084,0.15518948550378267,0.11505958046298276
2018-03-09,0.09988409521410017,0.12487815516046603,0.1552811256364228,0.11497334033918039
2018-03-12,0.09963526106228951,0.12475203167435679,0.15679680687713957,0.11488972517088453
2018-03-13,0.10068346721672473,0.12518880378601077,0.1568988500029313,0.11565042916775588
2018-03-14,0.10062214756125289,0.12551321760636183,0.15743804208878526,0.11398717073510393
2018-03-15,0.0993643884109569,0.125526887727191,0.15728456602998184,0.11418682718602494
2018-03-16,0.09828723591415152,0.12548414881886394,0.1572250917326103,0.11452826829777381
2018-03-19,0.10087905253133156,0.1265338069392523,0.1574889754681967,0.11582218083155295
2018-03-20,0.10085320826022381,0.12648372535934013,0.15761340686438222,0.11600207383859726
2018-03-21,0.10093611438857539,0.12653649272359363,,0.11597559713232493
2018-03-22,0.10236234009789591,0.13183105031823372,,0.11797024110344277
2018-03-23,0.10206074889236481,0.13534380051166503,0.17020110274203457,0.11976740145738875
2018-03-26,0.10223959215756302,0.14041357947243246,0.17027847762120915,0.11983049176045724
2018-03-27,0.10484854946048143,0.14269130942329264,0.17424640190875013,0.12105859053541071
2018-03-28,0.10511302290597013,0.14276786165111013,0.17530444706023027,0.12124861368758431
2018-03-29,0.10512744976930709,0.1439156654920857,0.17526666152056036,0.12199437053272436
2018-03-30,,,0.17525037210563466,
2018-04-02,,,0.17453339451231184,
2018-04-03,,0.14491884199220245,0.17453841305041154,
2018-04-04,0.10464261143707691,0.1456784944195864,0.174496704504752,0.12174152304296071
2018-04-05,0.10908065043117926,0.14593355012863735,0.17566024585787737,0.12750739697238272
2018-04-06,0.10895073621345451,0.1494071501925519,0.1757380279324888,0.12714859244160934
2018-04-09,0.10898221157390997,0.14945623640885305,0.17586562870664085,0.12714075084471604
2018-04-10,0.10965136048821172,0.15110365928996367,0.17597989692000465,0.1275572938161597
2018-04-11,0.10961502023676567,0.15128772486214412,0.17599312777878537,0.12771573682573809
2018-04-12,0.10958963478297652,0.15165631128154017,0.17593667610300842,0.12790994293358976
2018-04-13,0.10942986414758227,0.15173586947776252,0.17603721966392571,0.12787877653535373
2018-04-16,0.11014907750411476,0.15193833360097048,0.17595220523981028,0.12785839100243537
2018-04-17,0.1102112378408255,0.15257104535427357,0.17595160188011374,0.12873305110888605
2018-04-18,0.11165314328125112,0.15252858472211825,0.1770327774208072,0.12880206355178095
2018-04-19,0.11167539280827309,0.15278632591064095,0.17645188171560272,0.12880919944344607
2018-04-20,0.11193724199904503,0.15333591531290985,0.17646358470362622,0.12885445966172523
2018-04-23,0.1119813908853486,0.15330339281043318,0.17653431594566069,0.12909441343634825
2018-04-24,0.11204795020322755,0.15459023177789674,0.176890433420263,0.12909309880353934
2018-04-25,0.11238193099793024,0.15459168894003442,0.1769032452211143,0.1293713600498951
2018-04-26,0.11268452523053299,0.15522238655396223,0.1769558704502486,0.129484866189175
2018-04-27,0.1137406015628755,0.15522408898781384,0.17669397216407387,0.12958959097504605
2018-04-30,0.11274576751750738,0.1557216468346291,,0.1297867901334997
2018-05-01,0.11252084019346845,0.1556114246907909,,
2018-05-02,0.11254797914441486,0.15586736625957834,0.17658828954521538,
2018-05-03,0.11276176034751946,0.15590573747556197,,0.13014240207115851
2018-05-04,0.1134018782444975,0.15669767146776553,,0.13023230955203097
2018-05-07,,0.1567477226607122,,0.12908209686730648
2018-05-08,,0.15639113871472338,0.17652785266168752,0.12895582793907073
2018-05-09,0.11479172748197877,0.15682852750425694,0.17663480781106006,0.12898658435599467
2018-05-10,0.11431999382572221,0.15731055252368786,0.17663210478216024,
2018-05-11,0.11439167138849518,0.15731196977384912,0.1773814077633703,
2018-05-14,0.11442429607346798,0.15731058415219795,0.17681569221223342,0.12889501278112223
2018-05-15,0.11404285390843982,0.15763470254565465,0.1767017538653341,0.12855120173149376
2018-05-16,0.11402127068215837,0.15770705566678472,0.17669885471196098,0.12851854108393015
2018-05-17,0.11405873472599154,0.1577169335640395,0.17684655983575995,0.12907409481941676
2018-05-18,0.11362134916127828,0.1577801732859188,0.17607775538460585,0.1292363113714134
2018-05-21,0.11441276861405503,0.15794368226021135,0.17613437580014346,
2018-05-22,0.11444004555493573,0.15802093519836108,0.1761533241794355,
2018-05-23,0.11534101591487522,0.15806224717311718,0.17497183206576788,0.13015189050695056
2018-05-24,0.11612979765198005,0.1580517806629993,0.17547117328778694,0.13037132720569886
2018-05-25,0.11613440455028148,0.15786281294127044,0.17369567707646663,0.12937725402548186
2018-05-28,,,0.173714081287482,0.12982997326182763
2018-05-29,,,0.17384433676538222,0.13147541185556716
2018-05-30,0.11655908007210285,0.1584109414531837,0.1747648688164746,0.13143225503769082
2018-05-31,0.11653378007063535,0.1587098883167109,0.17425920321315697,0.13210707753021791
2018-06-01,0.11659215541631789,0.1593464734164003,0.17426368618032903,0.13334740398090741
2018-06-04,0.1167787673359258,0.1592242725113171,0.17399335298655183,0.13336496827184163
2018-06-05,0.11724320479621785,0.15920942349699976,0.17277741538291747,0.13332415271682782
2018-06-06,0.11718522236576498,0.1595757887966214,0.17284375267001062,0.1331275508111895
2018-06-07,0.11634943014167176,0.15908018575312616,0.1731068061350947,0.13298172197262198
2018-06-08,0.11568015125410272,0.15910609836258807,0.17298446190850825,0.13300037129345932
2018-06-11,0.11528993688753789,0.15876103678346196,0.17298843754022786,0.13366365661263835
2018-06-12,0.11535047441320069,0.1587177292752528,0.1730305982198915,0.13351482411973364
2018-06-13,0.11515540153653452,0.15884299995019371,0.17312473961746147,0.1332843511831582
2018-06-14,0.11560893604665319,0.15873115666734977,0.1735217920329187,0.1346848317824152
2018-06-15,0.11823800173581094,0.15874682443827437,0.1734779585663161,0.13474527984907805
2018-06-18,0.11809760603942966,0.15877097176972949,0.17366200985700445,0.13458711029879872
2018-06-19,0.11744886545692805,0.1587695465808844,0.17530310249101613,0.13370744565439224
2018-06-20,0.11700423942966783,0.15873596468168974,0.17617693463648398,0.13371486040648375
2018-06-21,0.11747799152221074,0.15904181093375633,0.1741925908571747,0.13446001752875703
2018-06-22,0.11972987545642956,0.15904413684053625,0.17328435078179297,0.13534945957288586
2018-06-25,0.12371590836307357,0.16021708205465854,0.1724347199861641,0.13831753145583317
2018-06-26,0.12357079365342757,0.15978888639318406,0.1722194589633804,0.13828803380976423
2018-06-27,0.12424129782946262,0.16015639175282398,0.17221885175391802,0.13864034847591336
2018-06-28,0.12424451580764793,0.16027962140324303,0.1721163627096358,0.1390492620717487
2018-06-29,0.12423968780673916,0.16026967769984674,0.1721091990955353,0.13935930602463997
2018-07-02,0.12452111917603129,0.16029750856903022,0.17468086256469684,0.13964346603486136
2018-07-03,0.12478515712104124,0.1604768240866776,0.17319798433002556,0.13900696402591584
2018-07-04,0.1248461466201252,,0.1732285837108325,0.13867261339492404
2018-07-05,0.12439658708000859,,0.1735005680271431,0.13877518094034325
2018-07-06,0.12420037739440598,0.16087496129886192,0.1743206227523894,0.13860951626140397
2018-07-09,0.12479811627623881,0.16129063695822687,0.17522460360186093,0.13855648966286083
2018-07-10,0.12472218787382024,0.16113273428051464,0.17549125138817726,0.13829935997912304
2018-07-11,0.12600718856726714,0.16113104796748992,0.1762194864167754,0.1396161345848227
2018-07-12,0.1263803977118541,0.16133609468778284,0.1770610036577895,0.13788906788184116
2018-07-13,0.1262396413852505,0.16126116651127692,0.17891301690113787,0.13704402673632793
2018-07-16,0.1267180483422255,0.16100754540298062,0.17891284969630045,0.13699578725906097
2018-07-17,0.12678232983670798,0.16107586746311098,0.17856371717800198,0.13702027322959567
2018-07-18,0.127088405156519,0.161089497169824,0.17865931003663715,0.13744777792544208
2018-07-19,0.12708328119098528,0.16119592302414132,0.17861652974317935,0.1374378089141272
2018-07-20,0.12706319287187962,0.16093467317012702,0.17863076456202734,0.13730955414318502
2018-07-23,0.12701056498958763,0.1606940116678444,0.17951883222497023,0.1373228953292574
2018-07-24,0.12729681090999925,0.16030377530970877,0.17907873025813142,0.13781538389226156
2018-07-25,0.12754093083666662,0.1607568535616973,0.17917463915492124,0.13789281875560053
2018-07-26,0.12750993143820236,0.16072768941926246,0.17908992645406557,0.1388953986033631
2018-07-27,0.12766463936236128,0.1606438703670184,0.179261516299707,0.13863695333658899
2018-07-30,0.12658973371545712,0.16084092359313645,0.1795315085185682,0.13858249326274322
2018-07-31,0.12675559771398018,0.16097621700074063,0.17853046031660405,0.13866744667081998
2018-08-01,0.12770729852191726,0.16098451114844547,0.1787043252685982,
2018-08-02,0.1285200181693914,0.1602794118155615,0.17858091480169708,
2018-08-03,0.12847547318111857,0.16010331595479158,0.17857881947535845,0.1383641817145839
2018-08-06,0.12804252362748705,0.15937470923017216,0.17857903779494444,0.13828401800508702
2018-08-07,0.12811579420945485,0.15941354423878562,0.17775890664497188,0.13838919819306297
2018-08-08,0.1281558097226617,0.15940962246292442,0.1773862221536734,0.13844165376714024
2018-08-09,0.12652865765085264,0.15637970795444175,0.1757694179931087,0.13773824886829267
2018-08-10,0.12130120046194684,0.14469741118550744,0.17630736516070308,0.1404536887603948
2018-08-13,0.11853594847588646,0.1429237139506344,0.17480127698178036,0.14007243199075137
2018-08-14,0.11663031727230544,0.14292650787437605,0.16392613199397632,0.13844130738483942
2018-08-15,0.11758370585875406,0.13225871566180958,0.16421577405846394,0.13887084061833788
2018-08-16,0.11693064263015368,0.13115048215591485,0.16345208131630268,0.13473107844416876
2018-08-17,0.116902792550832,0.12989890340664137,0.160030904787986,0.13245648705063043
2018-08-20,0.1167300422150141,0.12989401350142998,0.15997715091647569,0.12879018098460263
2018-08-21,0.11681223796339042,0.12867931560842857,0.15867788589223822,0.12709146424227624
2018-08-22,0.11629163353334813,0.12767934411788687,0.15806079449948485,0.1259135153752478
2018-08-23,0.11590806265231973,0.1277208397022525,0.15564891471347742,0.1253496124069856
2018-08-24,0.11592222397019664,0.12766237842199277,0.15542651577642927,0.12482410613465515
2018-08-27,,0.128039165568038,0.1558752200584105,0.1250933710008227
2018-08-28,,0.12620535712563902,0.15509540323410986,0.12422395820584814
2018-08-29,0.1162531281889845,0.12542768284086284,0.1547962581639795,0.12399867423720111
2018-08-30,0.1164676259217483,0.12418360915786966,0.153915054565829,0.12395305365951381
2018-08-31,0.11759266332769376,0.12304158128837034,0.1531937000013374,0.12495451643929543
2018-09-03,0.11804313006636738,,0.15211733440514005,0.1249552585910278
2018-09-04,0.11839423733758718,,0.1504362942771449,0.12578150395487264
2018-09-05,0.11885391866069225,0.12148731381280048,0.14617023016413377,0.12678530314925615
2018-09-06,0.11898866187281819,0.12149945266898314,0.1459712975294994,0.12703048162680566
2018-09-07,0.11733872255518114,0.12069130391985575,0.1443697503322973,0.1268120463325405
2018-09-10,0.11700763611006311,0.12067124478621143,0.14397131496085963,0.12596272813251014
2018-09-11,0.11687437941033949,0.12073949185926228,0.144900533796894,0.12199076917421942
2018-09-12,0.1170952485830188,0.12061980165225995,0.14483017404380602,0.12146896493325003
2018-09-13,0.11695467556918963,0.11847019310834907,0.14361634030078158,0.121500801974305
2018-09-14,0.11696048591652032,0.11844247623877395,0.1442845942098503,0.12131318901219976
2018-09-17,0.11694212224575778,0.11835347798230042,,0.12037880303701187
2018-09-18,0.11593133291045461,0.11820207889482429,,0.12045588924557121
2018-09-19,0.1160546145898881,0.11818735119299956,0.14444871168752899,0.12047459909988473
2018-09-20,0.11623451482624315,0.11861003872794518,0.14444548453150025,0.12059227306084887
2018-09-21,0.11839868629337047,0.11667334150015833,0.14457549237902587,0.12108470173042576
2018-09-24,0.11594093679397943,0.11683119388247262,,0.12102536937382823
2018-09-25,0.11621858425501017,0.11680916587263172,,0.12070825105607688
2018-09-26,0.11609631723771795,0.11080723606719758,0.1439962071887154,0.11949524859879526
2018-09-27,0.11474323846196402,0.10623468052140644,0.14457805347156638,0.1194755459972191
2018-09-28,0.11476652019299301,0.09975948546277563,0.12948432703430318,0.12124331715952012
2018-10-01,0.11455827631378372,0.09632747441396664,0.12932845003993285,0.11928922809861917
2018-10-02,0.11257418303098057,0.09618046507250379,0.12427416330558638,0.11778272883175359
2018-10-03,0.11243337120277441,0.09450467616832073,0.12303941795662786,0.11762148654728942
2018-10-04,0.11389663087617768,0.09396349394509519,0.12316908894239872,0.1172719736590915
2018-10-05,0.11561229051213168,0.0931623285562291,0.12239563647194936,0.11781978309022821
2018-10-08,0.11218594077101769,0.0927667082496432,,0.11812973983136901
2018-10-09,0.1121396827889888,0.0869269658156369,,0.11820954351443806
2018-10-10,0.11359265547919636,0.09943550965466671,0.12228554173982933,0.11443395219966522
2018-10-11,0.11604253530480335,0.10130920006569218,0.13480613586107842,0.11677517697434343
2018-10-12,0.11604754242474385,0.1028445007745726,0.13492914560684335,0.11687576474947571
2018-10-15,0.1162598538933033,0.10262272253687248,0.13601732224815077,0.11665302856944837
2018-10-16,0.11642324722562018,0.1067178175744151,0.13699841020122303,0.1183345432656661
2018-10-17,0.1157146618159823,0.10617180236821332,0.13797987298647296,0.11800152040691786
2018-10-18,0.11570051944380513,0.10724524397364442,0.13830636835842747,0.11871659987943024
2018-10-19,0.11438194743193777,0.1072447640706408,0.13835851827459378,0.11869718113254685
2018-10-22,0.11435740118721599,0.1071034366256982,0.13842510467697935,0.1179265712993707
2018-10-23,0.11537886814378064,0.10668507527547645,0.14353306178473815,0.11962821290984992
2018-10-24,0.11521699052292213,0.11566469375828022,0.14357810178703398,0.11968367596267238
2018-10-25,0.11542465133731321,0.11697584244787784,0.15329805005718386,0.12073566635566359
2018-10-26,0.11581085667719507,0.11960711511219087,0.1520079855488487,0.12103491759891014
2018-10-29,0.11691254619161452,0.11907083201572198,0.1519942039647295,0.12146318976989288
2018-10-30,0.11584571115977131,0.12108472955606317,0.1534329487725768,0.12114732817031033
2018-10-31,0.11738667274723016,0.12144361783311053,0.15639165002301425,0.1230709867533046
2018-11-01,0.11737723033945258,0.12226853355106183,0.15660893368313566,0.12298208440477101
2018-11-02,0.1173297227694662,0.12216402667029443,0.16068084934999965,0.12283682109077367
2018-11-05,0.1171429585443309,0.12233689294123236,0.16203898689800375,0.12253036602703368
2018-11-06,0.11706643616505004,0.12135413029378576,0.16256922108410113,0.12220626060410848
2018-11-07,0.11666832567466937,0.12475633893626728,0.16260018609309676,0.12335924161314452
2018-11-08,0.11652837111515545,0.12482260821978709,0.16459529108156407,0.12338149504146227
2018-11-09,0.11658157851343279,0.12487026121231358,0.1651543901057278,0.12327898664903598
2018-11-12,0.11696346717385357,0.12741490236909814,0.16506109031186042,0.12413718091193497
2018-11-13,0.11692629441683679,0.12741098098161124,0.16679633548797584,0.12499715170299333
2018-11-14,0.11692764108853762,0.127858857557609,0.1666647782088001,0.12522556213557995
2018-11-15,0.11643689699245292,0.12835546265535472,0.16666219083681463,0.12469704117244657
2018-11-16,0.11649733057414471,0.1282676426872037,0.16673216202312766,0.12458515811171576
2018-11-19,0.11543722351336612,0.13046027443250796,0.1668200778669828,0.12368475929926451
2018-11-20,0.11573825558339662,0.1329485508618828,0.1673670003538384,0.12492551283059186
2018-11-21,0.1168443058054449,0.13259494100370908,0.16733902005023255,0.1262441562307248
2018-11-22,0.11747940899131987,,0.16762141712174206,0.126154590126852
2018-11-23,0.11742515614346466,,,0.12444511830290182
2018-11-26,0.11821727442489426,0.13435207953534328,,0.12541594399957598
2018-11-27,0.11824568799249184,0.13435273711923684,0.16711619210891224,0.12469072674327289
2018-11-28,0.11812805493000827,0.13812575493727924,0.16705331645551255,0.12306550612219604
2018-11-29,0.11810799956875452,0.13811961783834978,0.16714713050327112,0.12289195134875948
2018-11-30,0.11826433975186972,0.13744752021600062,0.1672355787987837,0.1228122951859351
2018-12-03,0.11944298456317243,0.13792066842945205,0.16766618082065526,0.12430076857961336
2018-12-04,0.1196418609557315,0.14485096726386462,0.1697443497449099,0.12476197918023657
2018-12-05,0.12116417745883099,,0.1694813560957298,0.125796595340397
2018-12-06,0.12833560616523576,,0.17160299351587563,0.13340622373840413
2018-12-07,0.12939825096997826,0.14845763550957222,0.17088029699064064,0.1335961426092114
2018-12-10,0.12980310097279027,0.1484799624103572,0.17338349998014183,0.1347804870446343
2018-12-11,0.13061677107823008,0.1479431536267749,0.17331508236887228,0.1345802416555402
2018-12-12,0.12965371609422197,0.14816892212926883,0.17557741049022269,0.13677487448267198
2018-12-13,0.12965331268441518,0.14808694349121027,0.1760305524055294,0.13603495378524763
2018-12-14,0.12970995730170967,0.15046420465558422,0.17813180960799244,0.1357475025757539
2018-12-17,0.13030606246762416,0.15318325855548318,0.17830592652724933,0.13627323848971826
2018-12-18,0.13048351611341374,0.1531137177603042,0.17995444948026681,0.13592191157956052
2018-12-19,0.12895957746822898,0.15447548881941386,0.1796357083163707,0.135013510101827
2018-12-20,0.12561453260603386,0.15594061787561567,0.1837710692861698,0.13383432390444952
2018-12-21,0.12548237586284056,0.15844469571081407,0.1841032211592608,0.13383833985782223
2018-12-24,0.12445148276258536,0.16273811434519717,,
2018-12-26,,,0.18305302278433794,
2018-12-27,,0.16327439342980438,0.190264206989042,
2018-12-28,0.1288133048762725,0.16310934585505424,0.1900575117243274,0.1354665369669086
2018-12-31,0.12870589508420666,0.16362285062581125,,
2019-01-02,0.12780621059673603,0.16265104787768042,,
2019-01-03,0.1276559791992702,0.16610298684966487,,
2019-01-04,0.13146988075388308,0.17296573483568892,,0.14131134470790535
2019-01-07,0.13137303321559018,0.17303750240134605,0.1929777473031865,0.14072022457164712
2019-01-08,0.1318316813931623,0.1736625472932844,0.19305868179994684,0.14081976419684059
2019-01-09,0.1314819060496959,0.17371471766949623,0.19371529403498217,0.1402406584250733
2019-01-10,0.13174469799410313,0.1737735231256451,0.1945120743660052,0.14024432434957573
2019-01-11,0.13062835309369172,0.17328370999587225,0.19502106095949426,0.13968560002392988
2019-01-14,0.1306213426308958,0.17285739501834022,,0.1397645403117493
2019-01-15,0.130920466920404,0.17352265372910067,,0.13981186124211065
2019-01-16,0.13062985128126203,0.17334451003920648,0.19514730325002572,0.13977066274831332
2019-01-17,0.13058098282854919,0.17322543793992587,0.19261439831818122,0.13832848976634957
2019-01-18,0.13325411885812344,0.17431593416952276,0.19347591605277656,0.14131049072825297
2019-01-21,0.13324030754448224,,0.1934570676588237,0.14129988891888234
2019-01-22,0.1338855388896871,,0.1932462116501348,0.14137823342473152
2019-01-23,0.13429721543973866,0.1743629364506205,0.1926130050002237,0.14131941222028066
2019-01-24,0.13389362008619654,0.17426283054554692,0.1918465124253445,0.14099354468616854
2019-01-25,0.13364792948063656,0.17469638914614935,0.1921117068963811,0.1419627643908605
2019-01-28,0.1341451477185903,0.17493458156220468,0.19155052320047272,0.14233902201556703
2019-01-29,0.1352890410457499,0.17493774181089491,0.19083381701181204,0.14254016562291194
2019-01-30,0.13728460104075427,0.17637999138686775,0.18914804416657405,0.1420553868657175
2019-01-31,0.13709009866244345,0.17669204868882943,0.18976633104281912,0.1419481912228553
2019-02-01,0.13654317052140522,0.17617541048791024,0.18965529705200349,0.14102602710449272
2019-02-04,0.13591514293139403,0.17644541661769994,0.18967127246421944,0.14082063462706448
2019-02-05,0.13809414599033984,0.17638441916521702,0.189679521017721,0.14254287955712214
2019-02-06,0.13808621923585876,0.17623904345511532,0.18965627772216978,0.1424259323409921
2019-02-07,0.1384850612145017,0.17653439096418883,0.18890995596837903,0.14484264106056569
2019-02-08,0.13804810850130408,0.17654068841963316,0.19089731522532125,0.14496401660320749
2019-02-11,0.1385006772991088,0.17638092802432115,,0.14536808510795926
2019-02-12,0.1378954332997496,0.1772401320077754,,0.14581315361596775
2019-02-13,0.13836801169146665,0.17721830860510657,0.1917560285716162,0.14592605414258147
2019-02-14,0.1382813361287219,0.17718257348612623,0.1917517909335803,0.14358581529051076
2019-02-15,0.13692900385808687,0.17790586232227407,0.19220254451013835,0.1458166172762704
2019-02-18,0.1364891615879101,,0.19371196116853706,0.14582712045676272
2019-02-19,0.13669320830390505,,0.19371754938366062,0.1443234841309517
2019-02-20,0.13691432590856775,0.1779269601535588,0.19352262388780747,0.14438024764981416
2019-02-21,0.13733705662028675,0.17772452507404243,0.19300176984864068,0.1443794526317454
2019-02-22,0.1373479359589196,0.17790356775514862,0.1930129905879827,0.14414655467594317
2019-02-25,0.13734685265126564,0.17766419813269402,0.19313818280052533,0.1440077238302227
2019-02-26,0.13743897724300896,0.1773605070000627,0.19294189303960296,0.14402068207098614
2019-02-27,0.13735110684429472,0.17697860622779957,0.1930797843804605,0.14404647971410028
2019-02-28,0.13722659609890692,0.17693588516310393,0.19337845182686042,0.14416349342469004
2019-03-01,0.13652384343483087,0.1771900919233399,0.19300971144271734,0.14379996641934897
2019-03-04,0.13592225944330452,0.17722614003581932,0.191428167132062,0.1437778891646083
2019-03-05,0.1360250116006783,0.17722914518091498,0.1888617841833162,0.14379957322576883
2019-03-06,0.13531967623011246,0.1774328112276819,0.18880452225827982,0.14343149442356537
2019-03-07,0.1349660555990896,0.17751197504900335,0.18902964294261135,0.1427110076993454
2019-03-08,0.1351423311916681,0.17713936457481333,0.19110598716784036,0.14312481015079148
2019-03-11,0.13524670180826662,0.17843502057286148,0.19118642722964277,0.14260842935092033
2019-03-12,0.13530551715351583,0.1782849388162927,0.19285710090753153,0.1413569957452716
2019-03-13,0.13508970876664983,0.17850893066767468,0.1931444361364371,0.14130533871208933
2019-03-14,0.13504951271021012,0.178507875456931,0.1931159685335817,0.1414911764501764
2019-03-15,0.13524227504848085,0.17864101832482623,0.19304539784085376,0.14249593102457878
2019-03-18,0.13593840820842734,0.17867366766598575,0.19284464493278708,0.14249545454422366
2019-03-19,0.13601601547526623,0.17865396226526303,0.19284293542787972,0.14261313674277257
2019-03-20,0.13604947994036978,0.17866378540557779,0.1928516790016384,0.1434756145856012
2019-03-21,0.1364350701766646,0.1792684056269829,,0.14343725672166732
2019-03-22,0.1374286915579686,0.18123541395611756,,0.1458779703632779
2019-03-25,0.13742374652900358,0.1810516493533456,0.1975463372831857,0.14581161080311922
2019-03-26,0.13714441995663637,0.18137335620059367,0.1999283949759838,0.14597333916082
2019-03-27,0.13714046231820207,0.18132511579965557,0.19972690448242922,0.1452692194593301
2019-03-28,0.13722186355460803,0.18122804201927908,0.2010049721244677,0.14481819738081275
2019-03-29,0.1373695114219916,0.18149660920458263,0.2012508510491525,0.14517651579006463
2019-04-01,0.13755335000635696,0.1819088540502012,0.2022121376162465,0.14580229364113037
2019-04-02,0.13823297014321456,0.18190977606479466,0.20189550758765565,0.14576310426240238
2019-04-03,0.13816623627531935,0.1818896206146781,0.2023169918876691,0.14652288113809636
2019-04-04,0.13708001100686854,0.18191663529785912,0.2014720952241087,0.1449710838035175
2019-04-05,0.13594413983810877,0.1820001546942044,0.20151509968000758,0.14486819636464154
2019-04-08,0.1348698644178183,0.18195908402972508,0.20106761030155684,0.14451606056184835
2019-04-09,0.1349816559614134,0.18214447295072528,0.20035280089940558,0.14465905755668115
2019-04-10,0.13368936636079776,0.1821375049011166,0.19986733257955663,0.14407993641557354
2019-04-11,0.13061160886923479,0.1821381638213117,0.19987703704541585,0.14353552967084476
2019-04-12,0.130605860691518,0.18239428778076167,0.19980347792611888,0.1427078569108506
2019-04-15,0.13047507691494334,0.182044171471873,0.20068458481394766,0.1426414107470503
2019-04-16,0.130483294303593,0.1818877080591802,0.20024896832303948,0.14057943443057924
2019-04-17,0.13047230856975367,0.18191207331544992,0.19933605755598136,0.13815016002329605
2019-04-18,0.13034987336916037,0.18192011717546377,0.19951529220118028,0.13812478550371862
2019-04-19,,,0.1996506417250188,
2019-04-22,,,0.1994583515400066,
2019-04-23,,0.17605997509064655,0.19933668939379257,
2019-04-24,0.13071689392070987,0.17354053588465979,0.19905838932741007,0.1380187960575851
2019-04-25,0.13093772126077163,0.17242809670488154,0.19917055180503845,0.13676313615777272
2019-04-26,0.12963447756410387,0.17231865908111602,0.19105755815762573,0.13658194461949533
2019-04-29,0.12964164722547047,0.1697119313498688,,0.13574419462621665
2019-04-30,0.12951920175940654,0.16971484311416646,,0.1357866210024755
2019-05-01,0.1289660716676967,0.16878623987027042,,
2019-05-02,0.12805230962095163,0.16881664262603638,,
2019-05-03,0.12814474034278625,0.16921374891971702,,0.135432174402152
2019-05-06,,0.16914755816286692,,0.1345277467500804
2019-05-07,,0.16482242301306832,,0.1370699569961186
2019-05-08,0.12689238801377048,0.16282872476992272,0.19210230868376948,0.13645489289075088
2019-05-09,0.12751040759858034,0.160924782963812,0.19069167488781924,0.13877640821222512
2019-05-10,0.12743555743222024,0.1606851002956275,0.1899126983651437,0.13858937842934446
2019-05-13,0.12769119654390115,0.16304783617428056,0.1892780715818275,0.13970384728910168
2019-05-14,0.1278834132643846,0.1627261660450243,0.1891223042294698,0.1391398596523281
2019-05-15,0.12743744835083531,0.1622583379665877,0.1891527097005355,0.1393547415678635
2019-05-16,0.1277942624551387,0.1624680994827378,0.1892526182702554,0.1408641087827585
2019-05-17,0.1275732518959797,0.1625103117159465,0.18575576807462915,0.1410142476715507
2019-05-20,0.12733622570423966,0.1625638555128116,0.18571662774297232,0.1430062320251952
2019-05-21,0.12736612728857039,0.16025455448878334,0.17765209850170482,0.1422272028852091
2019-05-22,0.12727811154759452,0.16026483457296611,0.17754505143507116,0.14215295491213067
2019-05-23,0.12896163685974427,0.16062737756916612,0.17776992132370692,0.1444483838469838
2019-05-24,0.12912588114346138,0.15814176981025815,0.17665410334644835,0.14379049217553988
2019-05-27,,,0.17412198705437254,0.14330909073227432
2019-05-28,,,0.17351379489083005,0.14318136818134267
2019-05-29,0.13020818891363614,0.15843669632828997,0.17064946923736043,0.14476899065945112
2019-05-30,0.12983766921124387,0.15809050310005474,0.16925938507899296,
2019-05-31,0.12879652365075417,0.15850628993851867,0.17007209918175567,
2019-06-03,0.12748601245321173,0.15851630080394952,0.17051722929270371,0.1448825335280349
2019-06-04,0.12757172533213793,0.15957414289322064,0.16851866829500675,0.1451331679640678
2019-06-05,0.1265348775030376,0.157771448476967,0.16984981293320672,0.14358423840268028
2019-06-06,0.12665908058304673,0.15793617951263436,0.16984309348174573,0.14270891497929003
2019-06-07,0.1273130415197592,0.15713811154505458,0.16744206948580273,0.14292293375606874
2019-06-10,0.12739119483898018,0.1572021970979084,0.1682669042938091,
2019-06-11,0.12679866895942193,0.15394375701930543,0.1683014564666295,
2019-06-12,0.12599556443755827,0.15393936173025619,0.16817931875760397,0.1430710697651319
2019-06-13,0.1256914834564823,0.15362410197367166,0.16807202751533665,0.14230837907057012
2019-06-14,0.12396033240334763,0.1528800236778453,0.16742324672589853,0.14237516384977525
2019-06-17,0.11491021793929901,0.1454841792806042,0.1673403662687307,0.1423758455218294
2019-06-18,0.11501969018571348,0.14202177793775328,0.16742867524345825,0.14503687549257704
2019-06-19,0.11459987158841886,0.14205252053822698,0.16890962457509143,0.14502670304817583
2019-06-20,0.11342068757788586,0.1425925375393097,0.16851644878118804,0.1440527691728687
2019-06-21,0.11263653258241745,0.14245858016597746,0.16899138872384786,0.14350086168681375
2019-06-24,0.1126259431094994,0.1424929846940683,0.1689088888930551,0.14238443704659892
2019-06-25,0.11235270498083427,0.14040491517741774,0.16842507031672418,0.1336690297580205
2019-06-26,0.11119613816788709,0.1369926670998365,0.1650546123067345,0.1336273521348951
2019-06-27,0.11004920380449958,0.1370524469573669,0.16571047106257364,0.1319446737766302
2019-06-28,0.10941505004655572,0.13521152687850677,0.16344050277609878,0.1314245250216871
2019-07-01,0.10935295461006632,0.13335038682170572,0.16569803538864927,0.12973440907969014
2019-07-02,0.10981542039380224,0.12961567979512478,0.16274564403327718,0.12975760248331555
2019-07-03,0.10970738617913244,0.12318261130199826,0.16286746271318625,0.12980004439643886
2019-07-04,0.10549348493430115,,0.1602197778896923,0.12889053705526096
2019-07-05,0.10602123137850111,,0.15967853441310864,0.1285175006684062
2019-07-08,0.10604223255973579,0.12314026264392373,0.15757471271782442,0.1285331547752686
2019-07-09,0.10562049724118945,0.12307508333624345,0.15737301694273584,0.12607573144562248
2019-07-10,0.10157427491891897,0.12275833962421376,0.15509876578045376,0.12618124347070933
2019-07-11,0.1014827502849625,0.12276150402540774,0.15493878705378644,0.12439680564193584
2019-07-12,0.10106662788254375,0.1167991947942792,0.14915310032806456,0.11796575737211235
2019-07-15,0.10080471493081311,0.10758040028061193,,0.11783835402918902
2019-07-16,0.10088072772701877,0.10752757172825714,,0.11770458282416718
2019-07-17,0.10108754918004653,0.10748612431628468,0.14826892345553175,0.11796654518090471
2019-07-18,0.10050960376801997,0.10746213804905087,0.15073773033703544,0.11831366139518
2019-07-19,0.10027051666560337,0.10789191928879462,0.14364933127282228,0.11827028992620289
2019-07-22,0.09996964629471862,0.10789576054641435,0.14361208190454094,0.11799746070729084
2019-07-23,0.09995519128635977,0.10777061553574709,0.1402426490804585,0.11896643893132916
2019-07-24,0.09710378874105124,0.10706076739616072,0.13990704940930804,0.11894867944339833
2019-07-25,0.09715783480989515,0.10745932472634805,0.13912407844593988,0.11932003039674752
2019-07-26,0.09651780566355132,0.1074358353699393,0.13799764562093528,0.11593559712879326
2019-07-29,0.09864633048095334,0.10617798041504672,0.13740958937171263,0.11580076941335093
2019-07-30,0.09883065706985099,0.10629815268834657,0.1372645302391614,0.11848508725610206
2019-07-31,0.09956536295539296,0.10765653283841427,0.13782958652931795,0.1184753412736059
2019-08-01,0.0985365125345928,0.10806213929905736,0.13668326841979547,
2019-08-02,0.10315261320995585,0.1079722488717339,0.14000765808006885,
2019-08-05,0.10724867673318574,0.11655552760740354,0.14206346307879256,0.12181342911819222
2019-08-06,0.10766980868486295,0.11596948732953391,0.14235066212914105,0.12113636270854154
2019-08-07,0.10731698808914929,0.11541803155099281,0.14242213922156177,0.12068481834346245
2019-08-08,0.10857558411450324,0.11819668925010567,0.14185771323698254,0.12345346260904994
2019-08-09,0.10503790048182837,0.11833415682279243,0.14174963849356126,0.12482592067923175
2019-08-12,0.1051785435750242,0.11960466491557545,,0.12487450269124917
2019-08-13,0.10403648567115693,0.12129507508411048,,0.1253807975550038
2019-08-14,0.10594896169898484,0.12790403111217857,0.14241342010748273,0.1289041598300929
2019-08-15,0.1065771199838112,0.1279354082615698,0.14326349532251917,0.1271399417361468
2019-08-16,0.10704339981779272,0.129428729043947,0.14248257760885646,0.128573089340563
2019-08-19,0.10739641265721087,0.12928560098744607,0.14283484703025695,0.1263801263435721
2019-08-20,0.10815969969825458,0.12979453947075575,0.14290328632313415,0.12645929260362976
2019-08-21,0.10900597908692458,0.1301755562298631,0.14293474012023602,0.12708655737868188
2019-08-22,0.10998450987022498,0.12935906693852917,0.14292149687728392,0.12706983167637043
2019-08-23,0.10989746195926593,0.13476444673875224,0.142789709509622,0.12820912978980303
2019-08-26,,0.13549531104569665,0.14326948886100233,0.1279581417286141
2019-08-27,,0.13531444497940662,0.14266175456292882,0.12575670885546036
2019-08-28,0.10957817055507203,0.1355956089902664,0.14267057941885428,0.12578828327252423
2019-08-29,0.10977634045806806,0.1366918972191958,0.14175240927717644,0.12708765025968935
2019-08-30,0.1098438395934574,0.1366850465346347,0.14042335716436236,0.12696345252853833
2019-09-02,0.11078470384697131,,0.14053698809138596,0.1269687294555638
2019-09-03,0.11061905089120924,,0.14027438408002998,0.1270829283994366
2019-09-04,0.11053579836646675,0.1373815613250649,0.1402670885311328,0.12756587537986333
2019-09-05,0.11062503521029611,0.13820722346540612,0.1433455602828931,0.12818050351472993
2019-09-06,0.11047603817802726,0.138059505417268,0.14338670422392785,0.12816332245080314
2019-09-09,0.11075553780807337,0.13804045341257257,0.14348935522684053,0.12804328736468545
2019-09-10,0.11051626698951444,0.13766014056013884,0.1434029812914797,0.12794874742666
2019-09-11,0.11129451975278165,0.13738070283587744,0.14353302124648842,0.12809495222780837
2019-09-12,0.1110130632368854,0.13734589537704345,0.1432169341342618,0.12829300752310793
2019-09-13,0.11052943658208124,0.13596728228810234,0.1432662769878063,0.1283211809897643
2019-09-16,0.11082347812896877,0.13604077509403656,,0.1288212861652443
2019-09-17,0.11076312746543539,0.1357780093351359,,0.12826424431659772
2019-09-18,0.11076773693995824,0.1357613318949698,0.14314239225046105,0.1280328235887558
2019-09-19,0.11093890493379921,0.13562546353792507,0.14294078205833088,0.1283238965257915
2019-09-20,0.1106710483742904,0.13577891718136648,0.14260485555276028,0.128277328711475
2019-09-23,0.10989559715506254,0.13577857982186303,,0.12894996683775273
2019-09-24,0.1100080729891632,0.13628754663260015,,0.12776412572889734
2019-09-25,0.10981658189504213,0.13573792743766444,0.13963179302863318,0.1280438662242941
2019-09-26,0.10974894277319946,0.13289066532896912,0.1395122775336673,0.127980558463422
2019-09-27,0.10676894336372021,0.133141243443273,0.13783005400600032,0.1270407669867342
2019-09-30,0.10664960206629114,0.1329635603486226,0.137308577736406,0.12728438485076282
2019-10-01,0.10703309811402029,0.1340103078198791,0.13752698834449198,0.1261807264421726
2019-10-02,0.11682126261352595,0.1364808651946456,0.1373473917018587,0.13355770337869868
2019-10-03,0.11688991398813622,0.13660770137020609,0.14015052267806824,0.13335238123136367
2019-10-04,0.11759454344375522,0.13708764594376321,0.1402095292502841,0.1338397007329954
2019-10-07,0.11766095445342115,0.13725829463755224,0.14021035367380255,0.13415065780494143
2019-10-08,0.11726154901266778,0.13908483773306562,0.13388627394604086,0.13457728285694892
2019-10-09,0.11723532994157347,0.13962644516672126,0.13087535630803757,0.13438126848557896
2019-10-10,0.11727436825297066,0.13976091761850173,0.13095590741730279,0.13489862248123707
2019-10-11,0.1175722176121133,0.14056318143638352,0.12973034843441944,0.1372417361220183
2019-10-14,0.11773896488979686,0.14028765018302378,,0.13736859851404842
2019-10-15,0.11764181957823422,0.14086869289982815,,0.13829458381965662
2019-10-16,0.11793768712159686,0.140909307604377,0.1302806399157427,0.1382149852128448
2019-10-17,0.1179773377954025,0.1406743051968588,0.12883829294396457,0.13798061658746427
2019-10-18,0.1180634483617187,0.14079884633643414,0.12884975761545664,0.13803710381192627
2019-10-21,0.1180987083560351,0.14109879406459747,0.12822112861403362,0.13818474596778504
2019-10-22,0.11833464381253266,0.14116031072159277,,0.13812185764022092
2019-10-23,0.11873075420248962,0.14119319823888624,,0.13812166883168772
2019-10-24,0.11945715951809517,0.14070163610374842,0.12842490389434416,0.13813478361801254
2019-10-25,0.11906772201146784,0.14075271048963242,0.12835985018783322,0.13804344345720285
2019-10-28,0.11885704734943507,0.1409382839966368,0.1283577359244927,0.13781389887669637
2019-10-29,0.11895172268172753,0.1408196596807811,0.12847954248804508,0.13782519353984418
2019-10-30,0.1190221189401528,0.1408744172919628,0.1285199398991318,0.13773835600453607
2019-10-31,0.12002166994324372,0.14095600386931428,0.12859576976219905,0.1378881761966661
2019-11-01,0.12031624594083848,0.1411019139575795,0.1283423890780784,0.13805922808739296
2019-11-04,0.12081630752328994,0.14112245545345542,,0.13884354222695544
2019-11-05,0.12074010180025609,0.14055407353630797,,0.13881015507405223
2019-11-06,0.12073468395127308,0.14037656631000325,0.1269983478512841,0.13781415303479239
2019-11-07,0.12007047024813261,0.13825808887462848,0.12697057932118314,0.13532843264700417
2019-11-08,0.12042776022003475,0.13824520016690703,0.12697429860853018,0.13527353847507403
2019-11-11,0.12031736168310607,0.13819559689152736,0.12642343147584217,0.1321038675736128
2019-11-12,0.11956312161191344,0.13813491378941312,0.1267204734601269,0.13214687095154998
2019-11-13,0.11912210110720439,0.13341222211638853,0.127348594931661,0.13098858905635977
2019-11-14,0.11916019622201385,0.13302893985121048,0.12782937098100297,0.1299834491293088
2019-11-15,0.1191741007388049,0.13319367282790306,0.12811111730747857,0.12996868855524824
2019-11-18,0.11895486261903428,0.132704794521606,0.12811267478793958,0.1283586034401117
2019-11-19,0.11894470851237168,0.1323821839159291,0.12831226738169857,0.1282685026865393
2019-11-20,0.11953346580606901,0.13210199740724612,0.12685095447310157,0.12604308776232662
2019-11-21,0.11792434292128223,0.13169893391005924,0.1263114237342486,0.1259434733978154
2019-11-22,0.11881599831850614,0.13161314415093706,0.1262967124305232,0.125950083703976
2019-11-25,0.1183791119624568,0.13067277052315865,0.1262380262531355,0.12328917023391732
2019-11-26,0.1182222403803386,0.13068318106690582,0.12596719431273806,0.12301457329505043
2019-11-27,0.11775602263441928,0.13027107267399096,0.12579410159517573,0.12294946800963952
2019-11-28,0.11771904192014512,,0.1254741430300508,0.12278660362134482
2019-11-29,0.11838864659389442,,0.1251745789708875,0.1205666732317388
2019-12-02,0.11898329528003809,0.13098625591013638,0.12586947733082213,0.1243451310219856
2019-12-03,0.12132401115244089,0.12986281098094843,0.12622725636016596,0.1238782681825102
2019-12-04,0.1206431839140296,0.1299617413212153,0.12719716225255134,0.12516366732860978
2019-12-05,0.12072244350222003,0.12676453305856403,0.12717591636286185,0.12528641163700954
2019-12-06,0.1223438031608843,0.12688215151328397,0.12716084688030985,0.12531217432508193
2019-12-09,0.12221322367441849,0.12679959184715753,0.1271677925718369,0.12542372936166823
2019-12-10,0.12226965150694206,0.1260929864859878,0.12711123526388945,0.12543039236415257
2019-12-11,0.12219989749588578,0.12600933352458285,0.125825242374878,0.1253797425732626
2019-12-12,0.12270435091302181,0.1264758106371173,0.1257259189876182,0.12552046034926548
2019-12-13,0.12258209406219424,0.1264140061135769,0.12805501115429418,0.12270020860989894
2019-12-16,0.12636531012921645,0.12664278464773357,0.12733739008361045,0.123557503920917
2019-12-17,0.12631118057687413,0.12659530923170023,0.12742980084446157,0.12402773904190925
2019-12-18,0.12629449832423775,0.12660930981166543,0.12551552726823517,0.12406752023520014
2019-12-19,0.12642633579281856,0.12609349274272175,0.12562555233347059,0.123935630681017
2019-12-20,0.1264310860058816,0.1261902461106689,0.12553676477049794,0.12446299661492746
2019-12-23,0.12663885578035114,0.12559825193741436,0.12455213934025403,0.1244549856717554
2019-12-24,0.12660872261830886,0.1255721596292108,0.12450088248404813,
2019-12-25,,,0.1244144171980058,
2019-12-26,,,0.12439026025875058,
2019-12-27,,0.12552504823005603,0.12446786070078636,
2019-12-30,0.12702320860986624,0.12501275360667108,0.12503339655677737,0.12523480167622453
2019-12-31,0.12658783535596044,0.1250120703363442,,
2020-01-02,0.1265849391927619,0.12538987124793288,,
2020-01-03,0.12628368005300816,0.12570646905684682,,
2020-01-06,0.12658418991368126,0.12539008819642897,,0.12501378087022882
2020-01-07,0.12623150498143804,0.12545462798484514,0.1263359883962778,0.1247205814241727
2020-01-08,0.12622944716761333,0.1252092686848122,0.1264219809088636,0.12474380861000739
2020-01-09,0.12627819216824065,0.12523386930418007,0.13003594667265833,0.12439228420060121
2020-01-10,0.12628837125787,0.1253393630470286,0.12931040442331848,0.12443683898794715
2020-01-13,0.1263400397051286,0.12553413595259466,,0.12430023272296505
2020-01-14,0.12633915913941052,0.12555816035745562,,0.1243025421536077
2020-01-15,0.12630426473443063,0.12544862993480496,0.1295355164379919,0.12416625288009367
2020-01-16,0.12617535438146457,0.12590403773244832,0.129325185627475,0.12409291411563604
2020-01-17,0.1264876168132486,0.12583288716326288,0.12914591297496017,0.12460280143018711
2020-01-20,0.1263006127251614,,0.1282131098787032,0.12468517116268166
2020-01-21,0.12650825066536553,,0.1288830937877419,0.12477628642005466
2020-01-22,0.12671802693810286,0.12539126347285703,0.12591117933191898,0.12487205121864978
2020-01-23,0.12704655223021374,0.1253344619445346,0.12679507310495122,0.12527126443538042
2020-01-24,0.12746716993451873,0.12572981840013886,0.1265117813228122,0.12586300388997754
2020-01-27,0.1316292327039468,0.12790251399789138,0.12996493163931436,0.13191909506198068
2020-01-28,0.13179303661148267,0.12828651244012323,0.13022072368369808,0.1327341323401154
2020-01-29,0.12923710559728102,0.12818409151093813,0.12972843191877267,0.13182735978262974
2020-01-30,0.13044514403206753,0.12794395992805227,0.1321666123642087,0.13307518023689802
2020-01-31,0.13126235654408291,0.1302782602328392,0.13280842583799862,0.13420641598149335
2020-02-03,0.131522301626299,0.1305785073752854,0.1334873752466213,0.13430544377878265
2020-02-04,0.12907489956306717,0.1320333433765332,0.133621422781314,0.1368958476005052
2020-02-05,0.12427115440958325,0.13177973937122978,0.13423023189132496,0.13543342588055618
2020-02-06,0.12386384283829158,0.13104641553533944,0.1349476143598587,0.13574099372200127
2020-02-07,0.12400545794870661,0.13082985130614475,0.132272606946892,0.13265766075115434
2020-02-10,0.12293336569177064,0.12327522294618608,0.13254013397778824,0.13234287525538213
2020-02-11,0.12313933666988588,0.12216957246093417,,0.13261817599942777
2020-02-12,0.1231612819159219,0.12238488835001834,,0.1303014628890863
2020-02-13,0.12411845772342305,0.11995152997942507,0.13197174264107717,0.12896746591065394
2020-02-14,0.12268474286225418,0.11943773310639316,0.13219065140531217,0.12893759176114902
2020-02-17,0.12162220023735687,,0.13258763466545473,0.12845890605804192
2020-02-18,0.12168295471074204,,0.13399194832984143,0.12494963205719117
2020-02-19,0.12167863933089924,0.11794298695808225,0.13449393507339436,0.1251912771490981
2020-02-20,0.1210300198689709,0.11654847284004892,0.13444711143514645,0.12503790985377877
2020-02-21,0.120246329661956,0.10921093420135244,0.13396558078046675,0.1244414743802866
2020-02-24,0.12871476389267789,0.12015823411742531,,0.13749651968908105
2020-02-25,0.13151368378994283,0.12686315613909815,,0.13963644650039997
2020-02-26,0.13151174923231382,0.12598943066149065,0.13449188783433158,0.1393260568993556
2020-02-27,0.14001772909215526,0.14116114003375954,0.13457346014519514,0.1468979518505897
2020-02-28,0.14696455238819017,0.14122378285378406,0.1425853428951635,0.15604503689541105
2020-03-02,0.14710902687562327,0.15480144284451222,0.14285014228424414,0.15582195624465606
2020-03-03,0.14780337964219695,0.15560722315415382,0.14387935635249105,0.1564507932872232
2020-03-04,0.14904262333626345,0.1653478028971353,0.14379752470701843,0.15658507835839744
2020-03-05,0.15053807681144263,0.17262653856185023,0.14444980151031012,0.15822693499795032
2020-03-06,0.15897817533666123,0.1742128990671866,0.1490952372771523,0.16785001186409207
2020-03-09,0.1942120786285117,0.20639401788037898,0.16539661638086697,0.20868466609008052
2020-03-10,0.19402677844094843,0.21754600601370644,0.16586037197906026,0.20933884271033515
2020-03-11,0.19417390716401187,0.228223200270231,0.1686120284527152,0.20873082523120226
2020-03-12,0.2517369444580023,0.2672998530422721,0.17981474385237753,0.2788853096632069
2020-03-13,0.2544823149747116,0.29618147614708656,0.19995701323527854,0.2800866607428527
2020-03-16,0.26015500101744177,0.3463350008080136,0.2026963622759073,0.28931937700301746
2020-03-17,0.2636464918585095,0.3565549872321111,0.20256410241543618,0.2933345557009732
2020-03-18,0.26926091036410416,0.3638280753663087,0.2016610493983058,0.3036175147756057
2020-03-19,0.2700307981328168,0.3638838205997282,0.20142298643783185,0.30672436956961807
2020-03-20,0.2704273414405269,0.36883218697943304,,0.3119624118800079
2020-03-23,0.2751519766147221,0.37089823860980525,,0.3135235407818625
2020-03-24,0.3029800212419713,0.39299960396606853,0.22478690036104254,0.33895343015879054
2020-03-25,0.3098284451279046,0.3934249946350691,0.25069112017820727,0.3419156448034779
2020-03-26,0.31136999836561585,0.4030907732545323,0.25822904623103976,0.3428025097726185
2020-03-27,0.31946717737069474,0.4057901291016802,0.2640392093399701,0.34747718710448905
2020-03-30,0.31991951173424643,0.40866496142287867,0.2649044155295693,0.34817415031524884
2020-03-31,0.32130941798975615,0.4090922625998132,0.26513315003243004,0.34840755878667884
2020-04-01,0.3226323572203065,0.4136768379397289,0.2708916168742172,0.3521681013963154
2020-04-02,0.32271942547401195,0.41506812723166453,0.2712767185369514,0.3521412495203989
2020-04-03,0.3224825554737306,0.4155009299631711,0.27109597780125777,0.3520605134513529
2020-04-06,0.3255630191018452,0.4268270336538072,0.2777997579920309,0.3589675662521295
2020-04-07,0.3271752040221958,0.4265144569768972,0.2790001955012162,0.3582218223711805
2020-04-08,0.3271210376923272,0.42852463026299736,0.2805089893852987,0.35820325872331044
2020-04-09,0.32989476189984396,0.4288727222832911,0.28002676356317197,0.358634636798169
2020-04-10,,,0.280317634420175,
2020-04-13,,,0.2820244791674894,
2020-04-14,,0.4305504050521625,0.2856346093921986,
2020-04-15,0.3327259869804841,0.43164331226786756,0.28565455774889476,0.36217452989739296
2020-04-16,0.33287083533563155,0.43117028209482144,0.2861596003413985,0.36195869592127183
2020-04-17,0.33550462706330336,0.43261638998191326,0.2896035503395766,0.36389508202988513
2020-04-20,0.3355576882189547,0.43326732552745933,0.28991690646239504,0.36379479750969185
2020-04-21,0.3379081063753552,0.4351740954709326,0.2909831247990949,0.36662443064206457
2020-04-22,0.33966803809146956,0.4364073438688049,0.29107112254812695,0.3674556797002288
2020-04-23,0.34000996014887536,0.4361627074750996,0.29069762395542215,0.36711412787533193
2020-04-24,0.34016882433367607,0.4366213143463483,0.290843076238519,0.36758544253650216
2020-04-27,0.3409222477936419,0.4371099109427379,0.29346781417990486,0.3696731734786181
2020-04-28,0.34181873714651556,0.4371367584541276,0.29307338083640405,0.3706528952561156
2020-04-29,0.3440317188280753,0.4386259256223842,,0.3719715640560922
2020-04-30,0.34740815389148766,0.43879113226962807,,0.37317723721962515
2020-05-01,0.34879327283708605,0.44059611925733966,0.2956482198088221,
2020-05-04,0.3487154701922786,0.4406325342524375,,
2020-05-05,0.34941226636341177,0.4407872084898744,,0.37453840148637874
2020-05-06,0.3491905714455177,0.44080847917462207,,0.3746972105514838
2020-05-07,0.3495549888004714,0.44112564931122517,,0.3752493396854801
2020-05-08,,0.44175600684943384,0.2978930022271055,0.3755715412356764
2020-05-11,,0.4417377578166292,0.2978163578867893,0.375694902415044
2020-05-12,0.3498462949738277,0.44246508390194533,0.29725881254112824,0.37570002107093103
2020-05-13,0.35035362622782384,0.44309249631093334,0.2973100865434561,0.37724280023824563
2020-05-14,0.3522755254648164,0.4434183289814838,0.2981959992566519,0.377801338959171
2020-05-15,0.35263084176235,0.443458931105032,0.29833099691058723,0.3774122793972957
2020-05-18,0.3580194799199248,0.4456669467664012,0.2983000394329799,0.3843826052085912
2020-05-19,0.3580063879148356,0.4458867124384551,0.2991148413536944,0.3843224217903489
2020-05-20,0.3584311607668493,0.44651573634269015,0.2993289812321103,0.3848248885874587
2020-05-21,0.35845471463366363,0.44663823997339447,0.2992231994038113,
2020-05-22,0.35844459499126885,0.4466514515308779,0.2993129866181516,
2020-05-25,,,0.3003547516210675,0.3863281383696107
2020-05-26,,,0.3026070385697067,0.38662896551787096
2020-05-27,0.358982507668026,0.44715054487971817,0.30277368463657206,0.38743967091269066
2020-05-28,0.35945298888660737,0.44702032088715926,0.30460695249784436,0.38803803257034253
2020-05-29,0.3606375614954534,0.4470755529789766,0.3045780016164715,0.38848435632811906
2020-06-01,0.3613475677310208,0.4471095674802321,0.30482794738496233,
2020-06-02,0.36112249700566285,0.44723370653603667,0.30509154551643763,
2020-06-03,0.3628382890128415,0.4476415099345432,0.30544589845538195,0.3916085072071565
2020-06-04,0.36290036699068723,0.44765768319871957,0.3053126846434192,0.3916120357374837
2020-06-05,0.36436535327609765,0.449028993408353,0.3053325509234567,0.3952606314750317
2020-06-08,0.3643653562063052,0.449330532773466,0.30587910584130823,0.39529617309671555
2020-06-09,0.36530301283077765,0.44943990773618786,0.3058339262207039,0.3957176334735455
2020-06-10,0.3651643045080275,0.44933252528052775,0.3057182309201048,0.3958316168337004
2020-06-11,0.3687039153656692,0.45743134687151005,0.3083068160804067,0.40089824877063585
2020-06-12,0.3687208701579293,0.4577213150850251,0.30843596126904466,0.4009414579517142
2020-06-15,0.3687085541753364,0.45787232011527396,0.31215904014432216,0.4009587918729446
2020-06-16,0.37054946737795624,0.4584711609888495,0.31951266439435755,0.40393987805162873
2020-06-17,0.370571768261985,0.4584775679835483,0.3195697681130808,0.4041223927867507
2020-06-18,0.3705978053229339,0.4584761641071893,0.31962014146493456,0.40316640309483837
2020-06-19,0.3709908843741996,0.4585247889025815,0.3196629543412398,0.4032488149001484
2020-06-22,0.37087983031709426,0.45845544302780084,0.3193262286525197,0.40287494056044226
2020-06-23,0.37095540157814544,0.45849835122091354,0.3193024917002906,0.4037031242837181
2020-06-24,0.3718851647411544,0.4598583232899847,0.3189726571431507,0.40562177013256395
2020-06-25,0.371949704482728,0.4601336833431908,0.3192478182237915,0.4057413679599962
2020-06-26,0.3719482130150335,0.461408697497592,0.31965238032352367,0.40576994153608203
2020-06-29,0.37226512074612067,0.46184898356849297,0.32124385990476184,0.40593419638556705
2020-06-30,0.372392682774602,0.4623222010179117,0.3218340615300186,0.40584656267437136
2020-07-01,0.372255637509839,0.46238069806715026,0.3219887047506925,0.405697738743931
2020-07-02,0.3728416417358857,0.4624308218472805,0.32198529859210095,0.4074250205187609
2020-07-03,0.37311927168940134,,0.3200886949414461,0.4074401475527609
2020-07-06,0.3744046097559146,,0.3211665469566723,0.4082130617142557
2020-07-07,0.3746628062029985,0.4626749074089935,0.3211281626501259,0.4083544098305683
2020-07-08,0.37465621231078156,0.4627506206323082,0.3212173645229905,0.40828992565333216
2020-07-09,0.3752657371725266,0.462791844641882,0.32126474401053073,0.4083900971200163
2020-07-10,0.37549256046113416,0.46287887852630644,0.3215781852969983,0.40857898300169043
2020-07-13,0.376076918118561,0.4629593635685021,0.32314555339776907,0.4092480196093446
2020-07-14,0.37603069378396087,0.4633291901149586,0.32335740133661356,0.40937634559608815
2020-07-15,0.37706940015061474,0.4634986214378201,0.32416088379638847,0.41011078282097424
2020-07-16,0.3770600323795425,0.4634662857018154,0.3242008689741711,0.41001130438017075
2020-07-17,0.3772135829806306,0.46338481792270636,0.32419338257972863,0.41001203923252383
2020-07-20,0.377189208431761,0.4635280022260522,0.3240363715360473,0.41014554961580274
2020-07-21,0.37719172093575365,0.46342554858515167,0.3233988830191959,0.4102272937620165
2020-07-22,0.37710601785014963,0.4634964885337425,0.3227440495766574,0.41044375902449914
2020-07-23,0.37711665473802136,0.46381237867642755,,0.4104349270739597
2020-07-24,0.3774979684661846,0.4637272754852533,,0.4109245135945878
2020-07-27,0.37747260369395147,0.46381799530910145,,0.41092456548541323
2020-07-28,0.37743449628991105,0.46389938572489997,0.3210652521964452,0.41092235457095705
2020-07-29,0.37705714980566213,0.46424374977836524,0.32135336910453666,0.41088103326992287
2020-07-30,0.37707527933585955,0.46410122317810054,0.32131822052967274,0.41254564514346154
2020-07-31,0.3772507974481245,0.4636965699239544,0.3237247891747431,0.41237921167006564
2020-08-03,0.37883552075797217,0.46358955163154825,0.3252710817830997,0.41214624821539436
2020-08-04,0.3784661836094782,0.4636172701284885,0.326210865469622,0.411804409826929
2020-08-05,0.3785503478020944,0.4636856433557767,0.32599882518738177,0.41179699025436073
2020-08-06,0.3787598760709428,0.46307183915045397,0.32586203097447697,0.4116269818105645
2020-08-07,0.37800569234395315,0.4629633888889195,0.32563292446060627,0.41128533715257953
2020-08-10,0.37791868859523936,0.46250231745046355,,0.4112064932844754
2020-08-11,0.3787886702204238,0.4623653098895243,,0.4114966288134468
2020-08-12,0.38001047027184215,0.4627659148667434,0.32569038255245747,0.41133497412350584
2020-08-13,0.3805046178890728,0.4627115184546023,0.3254552370413463,0.41123459347192637
2020-08-14,0.38082540455891234,0.46259420059897494,0.3253832740194506,0.41149622059840085
2020-08-17,0.380880265853259,0.46260424581828324,0.32541462537414345,0.41149989929576064
2020-08-18,0.38076714998306044,0.4625239522446455,0.32452475899635297,0.41130741991367187
2020-08-19,0.3808667167219408,0.4625593380225933,0.32423146647925755,0.41135306421263557
2020-08-20,0.38137031533869775,0.46257425202621216,0.3242253759187522,0.41170813831207387
2020-08-21,0.3812981241395981,0.4625513299576068,0.3241540655187455,0.41173189424337336
2020-08-24,0.38184996474450705,0.4627407490350366,0.32384381591991707,0.4129796687991938
2020-08-25,0.38208489911266735,0.46252212196172415,0.32266202529968036,0.4129540440069708
2020-08-26,0.38209021711061025,0.46015354913231055,0.3226555801405398,0.4129822045470802
2020-08-27,0.3794062350211425,0.4580003395848322,0.32258962910610395,0.4128491830442812
2020-08-28,0.3785821841096999,0.4580329421966653,0.32317033547001417,0.41282280139931243
2020-08-31,,0.4533465875366577,0.32350092714425743,0.4092579901617109
2020-09-01,,0.4532351092910059,0.32336590272977894,0.4082649471176788
2020-09-02,0.37909273460769916,0.4493818196868906,0.32284619249371965,0.4091224418300318
2020-09-03,0.37646617263727716,0.4504577536050655,0.3228734625597121,0.4064585807161804
2020-09-04,0.37400638478107234,0.44694117437904507,0.32320351381460516,0.40346471271683976
2020-09-07,0.37521838189432005,,0.32323059621496625,0.40410925870084197
2020-09-08,0.374932980792743,,0.3232549873682096,0.404357098771082
2020-09-09,0.3748863712587412,0.44495284848292416,0.322155566337607,0.40460710202130307
2020-09-10,0.3742439938442788,0.4449980825160798,0.3179739463938305,0.4039437384424311
2020-09-11,0.37076249572380454,0.4301336448093346,0.3178637295348773,0.3999356611227279
2020-09-14,0.3530006207566487,0.4252834149165129,0.3174779805223019,0.3795112347004999
2020-09-15,0.35346550321593423,0.41893770887299486,0.31755102937201124,0.3787063527523807
2020-09-16,0.35293227108557684,0.3931660748087013,0.31720310264446017,0.37868896219100856
2020-09-17,0.31229744547300575,0.37372722942376196,0.3148785040294622,0.32758130195626634
2020-09-18,0.3107846643320614,0.32561429796577246,0.3058855718182131,0.32743679307935075
2020-09-21,0.3091389699063754,0.3164584854506844,,0.32273707534601276
2020-09-22,0.30686493884757304,0.3066590495158766,,0.3198751192821333
2020-09-23,0.30129599852167627,0.30895160879592454,,0.30796946546868925
2020-09-24,0.3014346253296901,0.30167743362005006,0.30615820203748423,0.3059954876660336
2020-09-25,0.3013108904217441,0.29863977963332256,0.30434832633324105,0.3020029100386916
2020-09-28,0.29652563833532214,0.2726512041076598,0.29765688815254915,0.3016958562357873
2020-09-29,0.2706405319194604,0.27255367070368336,0.28327119706142945,0.275589631257865
2020-09-30,0.2638057454588359,0.25981659182289224,0.2817391838304569,0.27258969689032414
2020-10-01,0.2619826035157003,0.25464542821673736,,0.2716642421291643
2020-10-02,0.2504013154495049,0.25142398378907943,,0.26444365677355425
2020-10-05,0.2502320166443442,0.2510675591475171,0.282100037003715,0.26411370753377567
2020-10-06,0.24881738261378022,0.24294902795184947,0.2808327344503339,0.2639867667166269
2020-10-07,0.24234869011187735,0.24217861097004573,0.28027783898048386,0.2576873519440717
2020-10-08,0.2423709066756462,0.24097426914222905,0.26395004035786407,0.25778926026011
2020-10-09,0.2418248031093546,0.22246460621761754,0.24106218739363688,0.2573538859259411
2020-10-12,0.23820603075438243,0.22328506810909518,0.23147107505573217,0.24862675965991823
2020-10-13,0.2364675061763196,0.21914845801488692,0.22554228948517885,0.24710738796214607
2020-10-14,0.23652132998567404,0.21877487578076862,0.22421871912080268,0.24709602465727143
2020-10-15,0.23441755440765533,0.21508062749095677,0.2239339940329222,0.24909212552181378
2020-10-16,0.23023504075727388,0.21238218946828594,0.21360876501924822,0.24372718654919107
2020-10-19,0.23030018497281415,0.2138621237279491,0.21285104386187648,0.24374668936663277
2020-10-20,0.22696476934469573,0.21096340699454533,0.21302662422389312,0.2411740938406312
2020-10-21,0.22854594303169526,0.2091970061126048,0.20541940436859912,0.24202515764378046
2020-10-22,0.22452162947950818,0.2039887515887524,0.20411480423566858,0.23446599131415713
2020-10-23,0.22295394859467596,0.20183273354401451,0.2021918631646613,0.23381945309204466
2020-10-26,0.22316720215868466,0.2038749221285018,0.20220272036500436,0.2377180463142912
2020-10-27,0.22296150724379338,0.20322197363079927,0.20199684667841122,0.2372266043883955
2020-10-28,0.22470951277508894,0.20909051826577502,0.19896446581752655,0.24007135945349178
2020-10-29,0.22302672098087584,0.2094579328022522,0.19461664635962894,0.23887657578913735
2020-10-30,0.21981395721693608,0.20721977599088506,0.19584104540392414,0.23692347872285752
2020-11-02,0.21504326953805858,0.20733721631056773,0.1955801026989832,0.23638718632088526
2020-11-03,0.21495527223774546,0.20435300572950837,,0.23736609278997522
2020-11-04,0.21619859284858445,0.20634852660919448,,0.23837023687616463
2020-11-05,0.21501847502292432,0.20760663056409606,0.19228892095156727,0.23888009933982493
2020-11-06,0.21501787538648834,0.20726219798927942,0.19176382471299513,0.23862405821800697
2020-11-09,0.2236501334650899,0.20728074082960632,0.19135562123174946,0.25342394260725076
2020-11-10,0.22464868093408083,0.20620616813944267,0.19092573626129541,0.2537378886567015
2020-11-11,0.22427639692577872,0.20637691719176976,0.19132170492716746,0.25091062690416027
2020-11-12,0.2208112056211018,0.20459611011581205,0.19087852929982602,0.25003268444460625
2020-11-13,0.2204987324015949,0.2034169640731581,0.18781361475677247,0.2500128478201254
2020-11-16,0.213712507420326,0.20342856902248396,0.1896455479000739,0.24071390506850923
2020-11-17,0.21379974219076042,0.20362860854639517,0.1845872151709547,0.24063345192436114
2020-11-18,0.2133323730476697,0.20021259873432182,0.18248577287611106,0.24001747509046908
2020-11-19,0.21328256517796645,0.1995031138450587,0.18221656571512862,0.23849072668134666
2020-11-20,0.21322498295397552,0.19871726521226524,0.18235820687216805,0.23824483691160644
2020-11-23,0.21258223186257802,0.19836628348555965,,0.23713109443865346
2020-11-24,0.21300751652572264,0.19942039007187193,,0.23699763989964417
2020-11-25,0.21058164142721328,0.19859683891194643,0.1821869700394771,0.23601493724999512
2020-11-26,0.20972764466512103,,0.18041566966169997,0.23111778532238964
2020-11-27,0.20939562666201417,,0.18033978038388432,0.23115474132293573
2020-11-30,0.20749647599477222,0.19872003365995325,0.1808212526005246,0.22577126719546622
2020-12-01,0.20897238126384154,0.19914102328861805,0.1806187868467966,0.2259916356431794
2020-12-02,0.2073089237651079,0.1991167188788159,0.18041428947248497,0.22512007923134456
2020-12-03,0.2073691481534173,0.19891339497972055,0.18034533096854746,0.2247970868974347
2020-12-04,0.20546627901729797,0.1984432804259139,0.17989898308877988,0.21477864050967604
2020-12-07,0.20545669336977812,0.19838364155099156,0.17902785355864187,0.21481798751733108
2020-12-08,0.1969212411286311,0.19531280517763921,0.17593210352527766,0.21464499340703147
2020-12-09,0.19684133481586014,0.1951434513337183,0.17655253726927086,0.20962140513161104
2020-12-10,0.19666964579139515,0.19475929346550033,0.1739258799664467,0.20942154823615736
2020-12-11,0.19292403929895388,0.19457179567349375,0.17402423742108944,0.20983411921615974
2020-12-14,0.19295744717736335,0.17360101428973598,0.1737385980241677,0.20980031482591824
2020-12-15,0.19287558821282674,0.17358295693610112,0.17310419744875985,0.20950143934363336
2020-12-16,0.1926654205786398,0.17332381681757017,0.1722992797825678,0.20827417573340515
2020-12-17,0.19238191534402257,0.17168623505981265,0.17226161116027577,0.2032410626907842
2020-12-18,0.19175624667874197,0.17168094779449666,0.17205080133488962,0.2031721861099295
2020-12-21,0.1880135069890652,0.1718455686208721,0.17111686923294356,0.20700873081160784
2020-12-22,,0.17162142860157686,0.1717316783613579,0.2075732211358809
2020-12-23,,0.17147530387456514,0.17176966720646897,0.20818158466791842
2020-12-24,0.187955660601842,0.17145272745093534,0.16674126082367027,
2020-12-25,,,0.1663206214320316,
2020-12-28,,,0.158277951292867,
2020-12-29,,0.1669647365947055,0.14821595743065452,0.20815632483284513
2020-12-30,0.18825065050726256,0.1664378658557529,0.148121881976877,0.20455229822441195
2020-12-31,0.18886488012581998,0.1623775243559106,,
2021-01-04,0.18989705385643327,0.16303290097152406,,
2021-01-05,0.19003892142827558,0.16204513581469626,0.14806387582002292,0.2043452483782776
2021-01-06,0.19508991058526012,0.1620781310529349,0.14810138280788293,0.20449556690149784
2021-01-07,0.19406941209223164,0.1631054809595341,0.1495094647374729,0.2041182163366747
2021-01-08,0.19200110275666138,0.1622292811875706,0.1526504158943509,0.2036241936166357
2021-01-11,0.19135509069243672,0.16241139613364747,,0.2035544882654309
2021-01-12,0.19143179887377768,0.16209288135674618,,0.20310748935897419
2021-01-13,0.18970373692491635,0.1616110409530591,0.15314079973922723,0.201900814095557
2021-01-14,0.1897644932154753,0.16103507280220747,0.1521908499003755,0.201674648504626
2021-01-15,0.189522588495811,0.16064123325166144,0.15197700338692666,0.20105988072871794
2021-01-18,0.18956497390350827,,0.14871243277488205,0.20096922072439474
2021-01-19,0.18792561549175565,,0.1487961904246703,0.20099934761341032
2021-01-20,0.18771935221103048,0.1612412249152367,0.14843511529416356,0.20108162009694727
2021-01-21,0.18763053947301556,0.16109946877309145,0.14871703124130953,0.20099749389072635
2021-01-22,0.18755921978323695,0.16121445426955616,0.1487546906889505,0.20054644870557764
2021-01-25,0.18797430309969693,0.1609432883207328,0.14706324784242655,0.2015542656312799
2021-01-26,0.18740576577027873,0.16099549100644195,0.1476722926806581,0.20037205128504415
2021-01-27,0.1883850746181432,0.1654698061245632,0.1470921798490994,0.2016712829151724
2021-01-28,0.18748231686970607,0.16477484515284765,0.14899381104910892,0.2018125820524823
2021-01-29,0.18929300095491092,0.1670556037537188,0.15084849096563419,0.20418850377420142
2021-02-01,0.18963617668682567,0.16812573243599319,0.14932024264968677,0.20098023354981429
2021-02-02,0.1899252793888805,0.16868224688656197,0.14909051865477188,0.2015989550696896
2021-02-03,0.18690424022399374,0.16796479073312004,0.14819508354035074,0.19922508656155885
2021-02-04,0.18550167760133113,0.1683323746415543,0.1486292684017302,0.19955340607573868
2021-02-05,0.18288310566092308,0.16813859274696186,0.14977781738060109,0.1995346485935711
2021-02-08,0.18300701078921147,0.16815372476483006,0.15227347731563373,0.199097360426628
2021-02-09,0.18236360682702593,0.16816375425532615,0.15209808312391757,0.1990774052489658
2021-02-10,0.18139367243364576,0.1680297219452736,0.1517254619923862,0.19916411953050328
2021-02-11,0.18139312508241642,0.16787577148570357,,0.19703619327243055
2021-02-12,0.18178367755356573,0.1679410781622055,,0.1968313632495396
2021-02-15,0.18356295202521147,,0.15353582084729006,0.1970694148956282
2021-02-16,0.18144246822331767,,0.15308181560584827,0.19634818082551306
2021-02-17,0.18028318687648492,0.1679456324378311,0.15334426899969214,0.19667522679183952
2021-02-18,0.18002226553439551,0.1676213473525597,0.14711547146992066,0.19668607663173845
2021-02-19,0.1798498943676962,0.16672170612875997,0.1449741053569069,0.19670996036597616
2021-02-22,0.17943764124835368,0.1671431446297089,0.14346674325594647,0.19579333135873112
2021-02-23,0.179296145721462,0.1671320784813981,,0.1957256533560666
2021-02-24,0.1777858342642131,0.167728557627317,,0.19351421451884393
2021-02-25,0.17776469243852364,0.17171526852045144,0.14480510221706605,0.19371532121414242
2021-02-26,0.1801234651985758,0.17173822933597196,0.15668548984457467,0.1944457010780826
2021-03-01,0.18072049445087263,0.17463221047394636,0.1595206571592382,0.19584007009162246
2021-03-02,0.18077445204437453,0.17509763372398768,0.16020206053741554,0.1956874934030895
2021-03-03,0.1808046732291145,0.17578862691904287,0.15870414106797587,0.19468470637844165
2021-03-04,0.18065353913867846,0.17692577760307274,0.1620970766436425,0.19473117593192737
2021-03-05,0.17983858040209955,0.1783712328533814,0.16157521766277175,0.19371846132761728
2021-03-08,0.17927134889705426,0.1785850564906711,0.16170739936354095,0.1961756900952853
2021-03-09,0.1787322017818186,0.17937483475025892,0.16211722832398212,0.1952457428056861
2021-03-10,0.17581545843344198,0.1794678715479896,0.16126768618203915,0.1943698513539737
2021-03-11,0.17579780552379787,0.17972261160575967,0.1613773221781852,0.1933076223720526
2021-03-12,0.17486430025600178,0.17856375576000558,0.16282443093906301,0.19201865147596417
2021-03-15,0.17486883080793703,0.1709386909940101,0.16199758937436962,0.19192307449012322
2021-03-16,0.17507493815753086,0.17046581772186467,0.16203634172095965,0.19202430219663724
2021-03-17,0.1753205154406529,0.16838407940326044,0.1618805555178022,0.19203157355755057
2021-03-18,0.17445369833358637,0.16778462571943628,0.16064785024514652,0.1920300880870211
2021-03-19,0.17502105251176703,0.16780026857183436,0.16175980131276424,0.19245070768868092
2021-03-22,0.17488168558517578,0.16720435134096368,0.1649436683472987,0.1921542458852436
2021-03-23,0.17466099649213027,0.16755115903181397,0.16526410030683142,0.1915532020710133
2021-03-24,0.16739524663797478,0.16761283265207216,0.16785705252198777,0.1832012162645808
2021-03-25,0.16758523568819514,0.16718169733070326,0.16747414469241179,0.1832117286564237
2021-03-26,0.16733306735582573,0.1676669765132231,0.16834023083883198,0.1834420021844364
2021-03-29,0.16617273160070611,0.16668276008005964,0.1682818220698883,0.1831297937779345
2021-03-30,0.16625166714442444,0.166297169149458,0.1673812525851736,0.18319394202522757
2021-03-31,0.16567781991424949,0.16237840949386484,0.1677455260116265,0.17964927238011993
2021-04-01,0.16550782248047355,0.16301502774170837,0.16773490237247937,0.17970239943306765
2021-04-02,,,0.16876493341286855,
2021-04-05,,,0.1687446473560291,
2021-04-06,,0.1617707998831878,0.17007253807515652,
2021-04-07,0.16567150812935083,0.16043251261344008,0.16964791364758994,0.1794816250734857
2021-04-08,0.16598112785142027,0.16024603694630574,0.1696869795523175,0.1795466175233434
2021-04-09,0.16606975367149546,0.16020215238504323,0.16867776397470902,0.1795186741115999
2021-04-12,0.1659893246961072,0.1601196980590542,0.16916873770146965,0.1793905647515552
2021-04-13,0.1659911927649853,0.15937956704995193,0.16857358265971575,0.17935481539389353
2021-04-14,0.1662131111003987,0.15784247579169605,0.16879791369557065,0.17934631728683065
2021-04-15,0.1662719144049523,0.1569192043549355,0.1670806169310331,0.17922814867924347
2021-04-16,0.1661941702018533,0.15532856835120945,0.16643244891758394,0.1795374512523435
2021-04-19,0.16620372484530643,0.15532188459767077,0.16637759251275083,0.17945451491390782
2021-04-20,0.16865055974457782,0.1553644825884393,0.16914315254649331,0.18171596350255376
2021-04-21,0.16849866507469127,0.15429630153546825,0.17162290452520798,0.18198768068169943
2021-04-22,0.16662678720038562,0.15463380348898256,0.1744345216556993,0.17842222596737053
2021-04-23,0.16547197128565239,0.15486378810907783,0.1746430600705562,0.17721027620507987
2021-04-26,0.16522208343956085,0.15481807206093268,0.17466830838819183,0.17717530948688262
2021-04-27,0.16530097894998516,0.1548237140842703,0.17488355875313974,0.17704479470913012
2021-04-28,0.16276016285930892,0.15279405301480242,0.17463618614330767,0.1755123884039504
2021-04-29,0.1627723901622398,0.1529114737348131,,0.175612644721387
2021-04-30,0.16192107710292764,0.153310031219277,,0.17563491305128387
2021-05-03,,0.15322304052786553,,0.169990140301208
2021-05-04,,0.15360522029368745,,0.17155923849659005
2021-05-05,0.16237433473445578,0.15094923149020045,,0.16497690248427885
2021-05-06,0.16152943299512437,0.15112131125449507,,0.16496294146544344
2021-05-07,0.15700789643683294,0.14164476667235124,0.17445269040845338,0.16515721586078966
2021-05-10,0.1570264610466962,0.1419634085696716,0.1740172342586215,0.1632607355548135
2021-05-11,0.16145140282291306,0.14136321038789584,0.17992528631180413,0.16255513959398066
2021-05-12,0.16076973184377416,0.14434088128890235,0.18161252256447863,0.1605012356781242
2021-05-13,0.15811693749979416,0.14328968415414922,0.185042487314211,
2021-05-14,0.15728558346047003,0.14160413072568326,0.1876150097308786,
2021-05-17,0.15728263763701725,0.1393536608134639,0.1881764618174834,0.15909383555844098
2021-05-18,0.15728676413122852,0.14000745640213577,0.190188251625659,0.15895192019284482
2021-05-19,0.1450081507267799,0.13929745516383332,0.191148044752711,0.1363099748666797
2021-05-20,0.14357596259761632,0.13991459871899548,0.1910219398080628,0.13734236337664985
2021-05-21,0.14240739818125245,0.13961783049140325,0.18976990040527228,0.13728243534107215
2021-05-24,0.14215407237564529,0.13930136396264528,0.1889558661279068,
2021-05-25,0.14212861544837563,0.1382418955279138,0.18776380361896816,
2021-05-26,0.1403175023266581,0.13741935064458738,0.1874512868441075,0.13619586139050163
2021-05-27,0.13971943099958975,0.13717938878713912,0.18543115236344132,0.13620114188043753
2021-05-28,0.13966984019720852,0.13600387583119525,0.18752031746723055,0.13595062993577453
2021-05-31,,,0.18668827574248917,0.1365020972332126
2021-06-01,,,0.18653886826432228,0.1367987405945125
2021-06-02,0.13922550405302164,0.13594248088039285,0.18640144063907552,0.13616997412799017
2021-06-03,0.13951673687557256,0.13564693483772974,0.18439762385395622,0.1361617050077514
2021-06-04,0.1394373810272908,0.1359367796561228,0.1844628132983177,0.13613653083934363
2021-06-07,0.13781908231051523,0.1342761532141961,0.1837078304988715,0.1350933128471365
2021-06-08,0.13750454550414148,0.13423251767313849,0.1836381755203949,0.135106793702502
2021-06-09,0.1373720688091061,0.13405788613493144,0.18360541870139443,0.13509976969039109
2021-06-10,0.1373735375356591,0.1333671453841677,0.18354643249564243,0.1349981828109452
2021-06-11,0.13557598650680044,0.13336938864584638,0.18317872380917147,0.13440193516162602
2021-06-14,0.1331263891413218,0.13335691937370123,0.18335525815580073,0.13388567530511133
2021-06-15,0.13215388675269035,0.13294898881806827,0.18333509835186193,0.13387170567151957
2021-06-16,0.13206322396027959,0.1331861122555335,0.18268633871337495,0.1338411500920514
2021-06-17,0.13165396780595623,0.13316870626007968,0.18325171534888227,0.133634641099787
2021-06-18,0.1345225898485249,0.134066695332495,0.18328806114946103,0.13626267388027988
2021-06-21,0.13480347191732708,0.13531432091109008,0.18952068015222698,0.13650956127503466
2021-06-22,0.13490049959795383,0.13541069350740162,0.19391424531633994,0.13653008008903678
2021-06-23,0.13474909306432095,0.13523095274939256,0.19384467302940386,0.137608372552471
2021-06-24,0.13440091326094294,0.13434755490484887,0.19304382494696926,0.1374474437950874
2021-06-25,0.13443121435015026,0.13438575118779797,0.19317480911680932,0.1373368865528556
2021-06-28,0.13499256332980641,0.13422494132349086,0.19307152042796583,0.1377416961521769
2021-06-29,0.13447416979635168,0.13408102667473407,0.19345722945159075,0.13762925830239214
2021-06-30,0.13479812284439777,0.13390494315437448,0.19343855490815148,0.13845210217929912
2021-07-01,0.13578743221379105,0.13396820614407756,0.19348818845820992,0.13832135571977003
2021-07-02,0.13339899390562712,0.1342779865970221,0.19350150816123302,0.1321796859154517
2021-07-05,0.13361006716483997,,0.19373765384817038,0.13087754215242942
2021-07-06,0.13384854881278613,,0.19371000711214562,0.13062892107825677
2021-07-07,0.1323999748542457,0.13427168576624998,0.19362385628107212,0.13086007262260183
2021-07-08,0.13265523325250073,0.1348878089172302,0.1940485525296287,0.13454240513370141
2021-07-09,0.13358260379425854,0.1356558102587667,0.1941700821973974,0.13677956394377905
2021-07-12,0.1246691766479206,0.13548580359567197,0.19658912997160571,0.1348904353170522
2021-07-13,0.12463740741900509,0.13373397042955382,0.1964635963290602,0.13485056162118841
2021-07-14,0.12479004042866022,0.13346986313498055,0.19313849363067295,0.1346271570641724
2021-07-15,0.12484247573969513,0.13345214477423362,0.19375928264665263,0.13516507603932446
2021-07-16,0.12448268574019046,0.13256386339866033,0.19421005903642297,0.13534550883152632
2021-07-19,0.12894628606228947,0.13452324097372623,0.1949809582946092,0.14085882084125434
2021-07-20,0.12862514060252078,0.13563713250373563,0.19418095425423054,0.14087776287356354
2021-07-21,0.13006505016222128,0.1360315269813865,0.19150520880024316,0.1419053855345852
2021-07-22,0.13017535425331198,0.13602688409088284,,0.14228296034578555
2021-07-23,0.1306885689725938,0.13647407220675076,,0.14315490733595465
2021-07-26,0.13057708014243877,0.13597751026003513,,0.14283859547751637
2021-07-27,0.13060685000694472,0.135006681253395,0.1910629951140264,0.14350369216282965
2021-07-28,0.13058052472166556,0.1350134563574813,0.19165966724615657,0.14383214840860645
2021-07-29,0.13053860882618468,0.1349700638097916,0.19176976738257834,0.1423599005189236
2021-07-30,0.1308770678083005,0.13522507059055391,0.19296818126511966,0.14202731580118805
2021-08-02,0.12980271258534892,0.13523890180267245,0.19369556740277713,0.14026117834227148
2021-08-03,0.1295049896534556,0.1300405533222932,0.1937462931499024,0.14009508988564864
2021-08-04,0.12669282400458953,0.12973468503491917,0.1933898686851333,0.13660824972943147
2021-08-05,0.1261331984435844,0.12654150143206827,0.19346259276951688,0.13542045451429188
2021-08-06,0.12572723897824292,0.12481612758357287,0.19327973374475138,0.13360910832823733
2021-08-09,0.12570004874126,0.12354883808635922,,0.13346455583195765
2021-08-10,0.1257790193111774,0.12354885836858699,,0.133000017963619
2021-08-11,0.12616459409264905,0.12277045258344511,0.1930573179959546,0.13303222025541073
2021-08-12,0.12615546566966912,0.12278270815308603,0.19301701527608514,0.13312022594289322
2021-08-13,0.1262185369869982,0.12245013437684478,0.19180586589542115,0.13308617021435568
2021-08-16,0.12693609259956226,0.12243653726797134,0.1912928530006396,0.13335191602609858
2021-08-17,0.12701487477421258,0.12295447197613575,0.1900865857556083,0.13316496202875913
2021-08-18,0.12645074654332691,0.12406511892336361,0.1897701826657584,0.13296752439875956
2021-08-19,0.12364289646044148,0.12394438425903147,0.1898208385726834,0.13424928169516095
2021-08-20,0.123749092806949,0.12436220351903918,0.18973507047188864,0.13437463791185153
2021-08-23,0.12351758920880002,0.12459328371001642,0.19015440460645133,0.134205798914907
2021-08-24,0.12182831233247751,0.12452973412142927,0.18815179453289388,0.13394767671714278
2021-08-25,0.12189641115799259,0.12391160396168753,0.18804353240937302,0.13346469143981857
2021-08-26,0.12198631047625012,0.12429763279418374,0.1880182308539851,0.1334068093023713
2021-08-27,0.12202750256798035,0.12392897019373096,0.18600552993987515,0.13344264977392936
2021-08-30,,0.11843044725945008,0.18522928982205852,0.13334363294685203
2021-08-31,,0.11818006476927027,0.1858033531895635,0.13304730747269716
2021-09-01,0.12197552655215395,0.11385047010460289,0.18676283021119142,0.13181670193809025
2021-09-02,0.12197374132072616,0.11311860665209675,0.18659196830069197,0.12925915457013024
2021-09-03,0.11628208242768796,0.11128497293903157,0.18875147435933745,0.1297498050724127
2021-09-06,0.11453345567742623,,0.1890332816749703,0.13046623555503212
2021-09-07,0.11474051295431399,,0.18047613037831847,0.1306600730445457
2021-09-08,0.11462515377761766,0.10934005744892734,0.17773107971329094,0.1309766116277127
2021-09-09,0.11544186896764448,0.10662657983529365,0.17749545479618184,0.1262789712495397
2021-09-10,0.1153395986457162,0.10697368595416588,0.1782138011238083,0.12608029924179784
2021-09-13,0.11411082589963066,0.10539579887470797,0.17556755043895136,0.12565111566976567
2021-09-14,0.11432914932475718,0.10559663102083437,0.17581329392379558,0.1253412738995554
2021-09-15,0.11438850696185501,0.10528992448934515,0.1758690552748696,0.12627875789257287
2021-09-16,0.11438542572149032,0.10534956672655198,0.1755748489244187,0.12648938935078904
2021-09-17,0.11504831843139794,0.10600932323102097,0.17575594852716322,0.12704862803183178
2021-09-20,0.11568440198095431,0.10895440941564861,,0.13069614615350955
2021-09-21,0.11620063579282314,0.10892993880617009,,0.13184958066253194
2021-09-22,0.11764266728333671,0.10736302146539325,0.17583270522177197,0.13251068010323389
2021-09-23,0.11760800187516834,0.10850504725632078,,0.13329654094272256
2021-09-24,0.11674606965925892,0.10816475621299372,,0.13389604966913896
2021-09-27,0.11671753025157106,0.10760418573447732,0.17414169029045837,0.13389989923525047
2021-09-28,0.11680083736859312,0.11146928134910447,0.1741442194733164,0.13900425325001162
2021-09-29,0.11781493067219335,0.11129810324918626,0.17657956712095027,0.1386471222188439
2021-09-30,0.11760110507701259,0.11048437423945051,0.17662525934995754,0.13900426809797797
2021-10-01,0.11748176512328422,0.11152448029593306,0.1789997762336255,0.1381948787254692
2021-10-04,0.1175300649367607,0.11308025628794369,0.17861999675807394,0.1388516186763521
2021-10-05,0.11802436045492755,0.11386257453639921,0.1788992915965201,0.14063471738793484
2021-10-06,0.1185303387829366,0.1128665586235907,0.17929176917277007,0.1417676845783598
2021-10-07,0.11953957188477644,0.11336445815442787,0.17720321825631394,0.14470818652706247
2021-10-08,0.1189380644175471,0.11341657956683279,0.17748472513214691,0.1449739329670322
2021-10-11,0.1188081764622092,0.11379589320265242,0.17756790515349594,0.14484513132512045
2021-10-12,0.11872502203818651,0.11341324459841956,0.17770889957389435,0.14496447976654406
2021-10-13,0.11859388566932905,0.1134666975604008,0.17772437713603634,0.14525775964797363
2021-10-14,0.11925667898007869,0.11575921175379231,0.17859955674988745,0.14687674002793033
2021-10-15,0.11896352484039978,0.11596511052392112,0.180160712899273,0.14666606939404425
2021-10-18,0.11882948756370859,0.11508991908908672,0.17872628322527048,0.1469928365827193
2021-10-19,0.11864963422314576,0.1154087487421205,0.17861316034918215,0.1442678024341654
2021-10-20,0.11857433610684849,0.11516950838267144,0.1777036363521479,0.14372950151182132
2021-10-21,0.11513272571871384,0.11470737884051936,0.17962389702119594,0.14322241660655854
2021-10-22,0.11495624994883509,0.1141008094638423,0.17970325898490233,0.14364612903012938
2021-10-25,0.1146972381150687,0.11334750732612119,0.17992000214324408,0.1436266221096351
2021-10-26,0.1151498347683506,0.11245130552112638,0.18140720318635414,0.14406477086349423
2021-10-27,0.1151836035010853,0.1127426974660613,0.18109505470824028,0.14406942400787942
2021-10-28,0.11511389627862402,0.11346163512603125,0.1814794612766535,0.1439637254319023
2021-10-29,0.11510022828244212,0.1134493140476629,0.18151906334439016,0.143811046585101
2021-11-01,0.11548490513770353,0.11314342318297384,0.18523329572238886,0.14386556959898364
2021-11-02,0.1155238873670127,0.11263999816346981,0.18532322251061126,0.1412469539917224
2021-11-03,0.11329864142564978,0.11288584642508938,,0.13864556183862406
2021-11-04,0.11322077046254196,0.11245905764429819,,0.138818030135792
2021-11-05,0.11282539475877017,0.11252566258984845,0.1833875284870972,0.13862385792732507
2021-11-08,0.11282023999804218,0.11206501815612063,0.18112771221139204,0.13861095155489842
2021-11-09,0.10712799841689889,0.11186488901892502,0.17830261919845292,0.13573228843210158
2021-11-10,0.10727489456615427,0.11145258787357006,0.17832615410384425,0.1357327384056622
2021-11-11,0.10719587978499902,0.11061367163139268,0.17845084525941712,0.1356696213084874
2021-11-12,0.10629741159961859,0.10615394228318985,0.17907165115877208,0.1356965392484144
2021-11-15,0.1062661527946013,0.10501657615898204,0.1792257286541024,0.1333219264773612
2021-11-16,0.10639557227623528,0.1032574220630448,0.17922744464493365,0.13163526353515193
2021-11-17,0.10520595719829583,0.10326240889376809,0.17914297567208642,0.13138902977982378
2021-11-18,0.10455869841790727,0.10241445623646128,0.17359578801465958,0.13152552128517273
2021-11-19,0.10476831943033983,0.10231491880034367,0.1721524623932796,0.13187435002328213
2021-11-22,0.10473826858043066,0.10160897951372135,0.16829018182877087,0.13164506090639336
2021-11-23,0.1046500261549965,0.10158175414993843,,0.13247004885159858
2021-11-24,0.10470379334187947,0.10081264725839217,,0.1320742080407381
2021-11-25,0.10477603187462835,,0.16546851565488416,0.13206641540518133
2021-11-26,0.11737493120252772,,0.16897830123677762,0.14910022491484706
2021-11-29,0.11799007506967157,0.10217047543871129,0.16805822048356625,0.14921733692859526
2021-11-30,0.11810116346367537,0.10608494607019993,0.16869260227784866,0.1500577282118176
2021-12-01,0.1200710486262834,0.1076141356184187,0.1687726384878334,0.15527925684743277
2021-12-02,0.12032881148526774,0.10924456380011534,0.16864285156532924,0.15720054165907518
2021-12-03,0.12028763997302655,0.11004500266980191,0.16922773685743556,0.15749678404601236
2021-12-06,0.12217028409703196,0.11091809696502572,0.1690223950974662,0.1583696952622575
2021-12-07,0.12389150725672923,0.11378437604155069,0.17107498770554316,0.16511388807859684
2021-12-08,0.12358421861693984,0.11379034357625845,0.1721894708958196,0.1657318643370399
2021-12-09,0.12361360330854039,0.11438477437345435,0.1697503647703976,0.16593080587896472
2021-12-10,0.12366464828055583,0.11493902637461159,0.16976099295231067,0.16594937094259343
2021-12-13,0.12422269505143181,0.11573979265764213,0.17005757172962443,0.1640045361608113
2021-12-14,0.12408645704908135,0.11635192393706842,0.17023015648609321,0.16424909966639958
2021-12-15,0.12139605965875588,0.11834151376357983,0.17014072651880602,0.16428797020871566
2021-12-16,0.12231942036513029,0.11907738764512071,0.17269113634350383,0.1640583467492683
2021-12-17,0.12221705505061284,0.11981311880884499,0.17452600756096248,0.16388571212831504
2021-12-20,0.12301303365555538,0.12107436883270939,0.17710631166921983,0.16494289493081588
2021-12-21,0.12430869253817908,0.12170519428149955,0.17948170021798338,0.1662162420301021
2021-12-22,0.12448714407736279,0.12101913802775137,0.17942838879478037,0.16670039718010116
2021-12-23,0.12393053546967464,0.12110264534192573,0.17981889629190487,0.16674540017732625
2021-12-24,0.12390892690902088,,0.17950930504564694,
2021-12-27,,,0.1790458862805522,
2021-12-28,,0.12110005947424939,0.1799733622086688,0.1668458753504666
2021-12-29,,0.12091412566626432,0.17966207822923136,0.16710925090401701
2021-12-30,0.12351757910864822,0.12100360293683383,0.1797300632477206,0.16723528425816925
2021-12-31,0.12239005472824518,0.1210965205138412,,
2022-01-03,,0.12133308541037038,,
2022-01-04,,0.12135397324308417,,0.1671167126946305
2022-01-05,0.1224013292947939,0.12463431291819899,0.17332127137216424,0.16706647049855655
2022-01-06,0.12282472528339546,0.12429258437216259,0.17276820948954372,0.16566586553237928
2022-01-07,0.12229397451603,0.1244178828282756,0.17276821259605604,0.16371268850533724
2022-01-10,0.12216803042022199,0.12375413685562153,,0.16502784185110414
2022-01-11,0.11998773895717266,0.12343071693610042,,0.16559384165245775
2022-01-12,0.11915679621009659,0.12340564226361452,0.17492156328013544,0.1659599745348913
2022-01-13,0.11917071256388576,0.12508931869906223,0.17517168915692352,0.16523363932404758
2022-01-14,0.11924954050824052,0.12508719016809378,0.17607920445846595,0.1657303600760227
2022-01-17,0.11966290848561083,,0.17606772389314948,0.161352353845457
2022-01-18,0.11889324615830237,,0.17610076314032833,0.16183327151878338
2022-01-19,0.11895949284423282,0.1258236045579583,0.18049641369375122,0.16000815469672114
2022-01-20,0.11389711324371654,0.12638110486672444,0.1811794624633101,0.15994446767873607
2022-01-21,0.11510794609302621,0.1272709225039809,0.1813935808959093,0.16078831407465477
2022-01-24,0.1190223014040701,0.1256156378532703,0.18141552626993016,0.17161732434006632
2022-01-25,0.1196747521765253,0.12638277664611813,0.18240797299981915,0.17133954162153547
2022-01-26,0.12051958769348453,0.12638116233457522,0.18210831867516125,0.17339672126893807
2022-01-27,0.12149942696334291,0.12583785916408574,0.18720658191300293,0.17346949041047907
2022-01-28,0.12254409244389515,0.13028725568959845,0.18683477552876862,0.17398478039321752
2022-01-31,0.12249246405315287,0.13267140426043758,0.1873292767367767,0.1742039500825748
2022-02-01,0.12260115923283456,0.13297511257990915,0.1873339997403539,0.17500769421221077
2022-02-02,0.12248692744520687,0.13346598476120342,0.18823492985612708,0.1747713482843961
2022-02-03,0.12259868924392638,0.13791241376581362,0.18832675144224822,0.17682835743058165
2022-02-04,0.12255310051635249,0.1380377177899321,0.18781204753491618,0.17772888471630155
2022-02-07,0.12294366207870458,0.13772027916753965,0.1875823652068715,0.1781348111198802
2022-02-08,0.12294948590183834,0.13799689320789502,0.1874016675493185,0.17812210007170348
2022-02-09,0.12371227284351044,0.13918663959062574,0.18790480396451886,0.1798518813867626
2022-02-10,0.12379822671892751,0.14169339691393024,0.18695930291683038,0.1797329004799755
2022-02-11,0.12372146641059248,0.14434806478656334,,0.18026886918033977
2022-02-14,0.1256382466450846,0.14445832777024145,,0.18269624006433524
2022-02-15,0.12630724364489476,0.14609687942249552,0.18700837264869538,0.18479279899462345
2022-02-16,0.12622967108428665,0.14599691113206925,0.18780424394366224,0.18479128316011265
2022-02-17,0.12619569320891363,0.14916443605432408,0.1864482227450877,0.18366702344238575
2022-02-18,0.12618773334395153,0.14947415637595265,0.18640165051598018,0.18396792292491299
2022-02-21,0.1262952962323281,,0.18670723200627556,0.18622706532894823
2022-02-22,0.12430179763867998,,0.18813791616393488,0.18622394547667712
2022-02-23,0.12418575677984993,0.1514463597583629,,0.1862513538434333
2022-02-24,0.13634281685189278,0.15212669729954445,,0.19323521984910605
2022-02-25,0.14677723842736184,0.15527023941530238,0.1900878844359059,0.2000493780987996
2022-02-28,0.14683976208510752,0.15491587395601128,0.1898762842918751,0.20065051308664433
2022-03-01,0.14882659683974225,0.1560600587741162,0.1906180860291448,0.20869266947352655
2022-03-02,0.1499644558749156,0.15821626351338078,0.19211223208894976,0.2095008148575436
2022-03-03,0.15434093026856957,0.15837319002419362,0.19097039345535094,0.2113695378136431
2022-03-04,0.16218940352683045,0.15856194152188172,0.19355515338317675,0.22267265815555162
2022-03-07,0.16220588233277095,0.16365905883474016,0.19787388310400275,0.22256211186340086
2022-03-08,0.1618887354269509,0.16383010063490025,0.1987273111252341,0.2225103265712024
2022-03-09,0.16811144229275474,0.16780399063595924,0.1983061939499172,0.2450351804720006
2022-03-10,0.1687425870973345,0.1679072179584393,0.20427244937494618,0.2486759884631262
2022-03-11,0.16853121678093486,0.16883749170199283,0.2059279020217623,0.2491435216278629
2022-03-14,0.16869586523985036,0.16914197079744867,0.20611432497630663,0.2500057560881184
2022-03-15,0.16854485759958115,0.17184913189201087,0.20612724671123386,0.24999680028540633
2022-03-16,0.1699302361956851,0.17459155722128838,0.20741263747383062,0.25613253525608753
2022-03-17,0.17082575903333555,0.17508145342099118,0.2128537072355161,0.25597341897143594
2022-03-18,0.17084902107907607,0.17579690924121313,0.21250721497095892,0.2557658175687064
2022-03-21,0.1704597354221723,0.17558831022673996,,0.25413722585361037
2022-03-22,0.17008357835109555,0.17589353544875747,,0.25394713822806503
2022-03-23,0.16944168984086924,0.1767900793909975,0.21583951597222356,0.25402881954811907
2022-03-24,0.16822830643144782,0.17737107742003808,0.21582014710861325,0.2535140304643267
2022-03-25,0.16824425792260833,0.17570497487856065,0.21390260524133056,0.25327175453259293
2022-03-28,0.16816087135091926,0.17593143618253698,0.21257006778090848,0.25337708953209276
2022-03-29,0.16855667527776674,0.17624520497668586,0.21279660245974158,0.2542687508927552
2022-03-30,0.16853961261488218,0.17577577596157212,0.21268093762994078,0.25458878672637186
2022-03-31,0.16826938035860445,0.17728368219288065,0.21277576199374854,0.2551438937239868
2022-04-01,0.16824437604991246,0.17727338717377464,0.21211852337819617,0.2551920268946797
2022-04-04,0.1678197160244093,0.17502717113810776,0.21212922423657007,0.25512544849133856
2022-04-05,0.1680515340275744,0.17603589451322885,0.2118642444274361,0.25419116221412097
2022-04-06,0.16765803636003243,0.1757442321417827,0.2128703277835132,0.25576864246107694
2022-04-07,0.16695853446974906,0.1751460714875563,0.2139860880674683,0.25401939747015756
2022-04-08,0.1675617968923988,0.17412851889593856,0.2138726724754771,0.25482766807725454
2022-04-11,0.1678418497386719,0.175336226771716,0.21383911754551355,0.2549014873787007
2022-04-12,0.16776093185583557,0.17534117656771353,0.21527216150653883,0.25485595666805816
2022-04-13,0.16771962284930117,0.1756459612808524,0.2171221406499609,0.2546340127503482
2022-04-14,0.16782394864547426,0.17652024533999086,0.21586380363723054,0.2536827019590501
2022-04-15,,,0.21585903140218088,
2022-04-18,,,0.2138931523601415,
2022-04-19,,0.17759227469936104,0.21355552187769544,
2022-04-20,0.16741777326712448,0.17755114947156406,0.21161168520909027,0.254626099187069
2022-04-21,0.16735043265404656,0.1788358696881045,0.21176674087116404,0.2547197240835679
2022-04-22,0.16845331804745517,0.18175008260964565,0.2129258024560546,0.25656689950418105
2022-04-25,0.17059084062276877,0.1816225608919688,0.21379312234489775,0.2582616324149049
2022-04-26,0.1705908084812215,0.18598117893090735,0.21264811755320306,0.2585264874760458
2022-04-27,0.17062965610808375,0.18569420612722798,0.21287975457244857,0.25829858815033296
2022-04-28,0.17133151110629216,0.1888891821596349,0.21429937432303495,0.2588763833153813
2022-04-29,0.17141975734598888,0.19587270584251915,,0.2587661324938897
2022-05-02,,0.19606162120718446,,0.25998829956226815
2022-05-03,,0.19606634325589298,,0.2602158640005034
2022-05-04,0.17158322414024807,0.20053434439845824,,0.26040801694808996
2022-05-05,0.17152382127563923,0.20683223620541372,,0.26031250108428733
2022-05-06,0.17293292636233273,0.20644840553567803,,0.26134882742575793
2022-05-09,0.17606642902703631,0.21131483161794218,0.21627301057287204,0.26408025175127814
2022-05-10,0.17585313479625814,0.21133334746569096,0.2147882436890568,0.2642326874148422
2022-05-11,0.17703590424304588,0.21240504176293404,0.21481335678489252,0.2668146968322426
2022-05-12,0.17833977275003127,0.21214116895477625,0.21593933339128474,0.26705237910309954
2022-05-13,0.1818313397036951,0.21486444331776622,0.2192415615669729,0.2695957387107354
2022-05-16,0.18198881259856697,0.21480592220202444,0.21781454535513697,0.2696230303861094
2022-05-17,0.1822690406981448,0.21682174605029,0.21784959884072308,0.270587946082768
2022-05-18,0.1828350174208741,0.22420814606709438,0.2180838575157205,0.2710900475087279
2022-05-19,0.18420348749408896,0.22407900588940258,0.2181827361657892,0.27174347915157704
2022-05-20,0.18479278551304176,0.22407377930117092,0.21898920498533572,0.27188962668342076
2022-05-23,0.18617246288124722,0.22546215091378766,0.21908354311427122,0.27276250784309164
2022-05-24,0.18625070154000067,0.22568412830804277,0.21941724951400893,0.2735796592477981
2022-05-25,0.18633078300444503,0.2260642009867461,0.21622302313380878,0.2738293467760189
2022-05-26,0.18636174380337509,0.2279398465154919,0.21618291946111576,
2022-05-27,0.1862636059174787,0.230656443470512,0.21628573870650056,
2022-05-30,0.18616168354736332,,0.21852439869856022,0.27416302545946925
2022-05-31,0.18606958048297653,,0.2183259605551156,0.27425156218427904
2022-06-01,0.18660174089963336,0.23085690275507295,0.21838264123708578,0.2744076415024069
2022-06-02,,0.2323833830360188,0.21821716967115273,0.2747291600818229
2022-06-03,,0.2334488638873782,0.2183667699079614,0.26634632523164237
2022-06-06,,0.2334736147721754,0.21836270046904946,
2022-06-07,0.18657433058074435,0.23309653254679494,0.2183621324317269,
2022-06-08,0.18652112836988954,0.2320681546115835,0.21881122665959585,0.2662688412674895
2022-06-09,0.18023755568536565,0.23389278018146814,0.21877518013030434,0.266848427699457
2022-06-10,0.18234406984853974,0.23643619125501497,0.21966264715418515,0.2676488101288988
2022-06-13,0.1833623878102396,0.24239605229372352,0.22377379287083615,0.2692061565470048
2022-06-14,0.18206465155144272,0.2417083286920199,0.22425792627927937,0.26924960683849164
2022-06-15,0.18270900844835963,0.24075514998369105,0.2219597760306596,0.2695556828939776
2022-06-16,0.18816169314013928,0.24475438303343325,0.22090492864672087,0.2679398615621602
2022-06-17,0.186899965822059,0.24469704727250075,0.22111814423462134,0.2677959141664027
2022-06-20,0.18692584956543842,,0.2212401506054834,0.268197990191854
2022-06-21,0.18704625731063687,,0.22266199431133857,0.2684895906155573
2022-06-22,0.18740531233836316,0.24417384001480585,0.22222971445450795,0.26863734296327624
2022-06-23,0.18779419465104397,0.24446540635440506,0.22219018550584524,0.2685838913729456
2022-06-24,0.19130870579762815,0.24840877415758553,0.22124171993466826,0.2717373122609863
2022-06-27,0.1915616271881061,0.24714981756814342,0.22125278906739365,0.2712613757936782
2022-06-28,0.19177436010222668,0.2483734304537856,0.22139553370094173,0.27110323074363546
2022-06-29,0.1909485942377352,0.24806417279727186,0.22131407945947598,0.2708670382088661
2022-06-30,0.1929247134231307,0.24787845344582551,0.22207770187778333,0.27051560812089037
2022-07-01,0.19244227427730534,0.24697297042093935,0.22316645799344118,0.2699825159628934
2022-07-04,0.1918540887771622,,0.22351977789597674,0.26933743819342154
2022-07-05,0.19588407053736437,,0.22192209366106724,0.2714424605458718
2022-07-06,0.19653007141254636,0.24652031002341435,0.2211286473506989,0.2729382879504949
2022-07-07,0.19725201350512225,0.24737582915686915,0.22013586972464358,0.2744375469739477
2022-07-08,0.19724328844430658,0.2473767555720859,0.2181268288800528,0.2742409120576779
2022-07-11,0.19722239334929995,0.24774650171374088,0.21871994864555136,0.2742523795724728
2022-07-12,0.19722863391617004,0.24797483126021128,0.21975817120159857,0.2737496287516395
2022-07-13,0.19711451530124907,0.24800226174334453,0.2199217699920566,0.27393652167054966
2022-07-14,0.19827497155772134,0.24774112173635196,0.2200832249180076,0.2740636549322062
2022-07-15,0.19966543359369138,0.24947946588984918,0.21933061795962253,0.27592151367550793
2022-07-18,0.1998859361680715,0.24835639432860718,,0.27606639733697713
2022-07-19,0.20008050581694242,0.2516741077062681,,0.27800309397955464
2022-07-20,0.20014184114764527,0.25184877748726925,0.2224692932317867,0.27774794288068
2022-07-21,0.2001210599409424,0.25233361067615473,0.2225062387883088,0.2775591086301814
2022-07-22,0.1996823931340825,0.25217090964673694,0.22258014903064696,0.2772951921746853
2022-07-25,0.19961011609114956,0.2521304698884904,0.21898440754089427,0.2772859700064403
2022-07-26,0.199537340097352,0.25187498151701376,0.218995034098067,0.27713662600134015
2022-07-27,0.19972340098069946,0.2547627102472023,0.2173195510749198,0.27675750159504875
2022-07-28,0.19902300325132527,0.255136762331135,0.2169625748121293,0.27126068553028027
2022-07-29,0.196011072285402,0.255599701686598,0.2161940263495235,0.27206346644843443
2022-08-01,0.19549313778872038,0.25427404302507667,0.21615811732973486,
2022-08-02,0.19457498813392846,0.25437355917598514,0.2170780232061218,
2022-08-03,0.19403335573103506,0.2548556573599037,0.213427605080602,0.27098945994798335
2022-08-04,0.1933346356412561,0.25485170900708454,0.21307634958424457,0.2710383996722773
2022-08-05,0.1933400332853821,0.25475961865723906,0.21300640120068554,0.2707992222487186
2022-08-08,0.19303321636901272,0.25236220745495486,0.21301060201190838,0.2707579843921924
2022-08-09,0.19282358494129467,0.25090307109726206,0.2120352018879921,0.27049973812475925
2022-08-10,0.19260208010450186,0.2525770198650995,0.2121476996111353,0.27089513708427854
2022-08-11,0.1927415193484251,0.2521695595337636,,0.26968579529132497
2022-08-12,0.1925518858815127,0.25110831227038294,,0.2692634729594633
2022-08-15,0.19255759855629578,0.2510609833697515,0.20774631045470696,0.26901714711407787
2022-08-16,0.19208575435523637,0.25103854829897093,0.20578201452341424,0.2690771934328911
2022-08-17,0.19203379739681742,0.25091202388601613,0.20595069504017308,0.2682660348954935
2022-08-18,0.19209694643101224,0.2500413070947218,0.2064256955295461,0.26843676760870466
2022-08-19,0.19060037162732937,0.2493980975415865,0.2051268124879686,0.26862940159998694
2022-08-22,0.1900593512651379,0.24979500322883164,0.20465653386315238,0.26824854568933126
2022-08-23,0.1902428343424159,0.24976311306961305,0.20514887550397673,0.26666965277142357
2022-08-24,0.1898732160021574,0.24874277762349797,0.20502300366813336,0.266775399565056
2022-08-25,0.18983253623071705,0.24959851318153523,0.20517152341977585,0.2667295574560902
2022-08-26,0.19000956011699957,0.2524103784449929,0.2047716559452672,0.2677307082389159
2022-08-29,,0.2523852008659282,0.20826307512151596,0.26634191298214394
2022-08-30,,0.25153424032831284,0.20856798919000316,0.266343901208383
2022-08-31,0.19056834800567668,0.2507682544873103,0.20630304342119488,0.2668265532722783
2022-09-01,0.19236497066434727,0.2486936853936306,0.2071176842582296,0.2629483324614462
2022-09-02,0.18590441148615167,0.24907505839968777,0.20704234689120213,0.26020468916222456
2022-09-05,0.17767874774229345,,0.20675693125201042,0.26056049985018126
2022-09-06,0.17761165065704637,,0.20529439475508418,0.25429179369257465
2022-09-07,0.17633896556652376,0.24966749958669793,0.20370327957027268,0.2533694574996417
2022-09-08,0.1753458873276948,0.2483859336067473,0.20627208035565814,0.25182891432222093
2022-09-09,0.17230289499816587,0.2493295322458435,0.20571587534907787,0.2425975213675039
2022-09-12,0.16625367101203714,0.24961143344181658,0.2049303859570426,0.24384385316582666
2022-09-13,0.1670365804582083,0.2537728072242374,0.20473199469549858,0.2449755308366617
2022-09-14,0.16842706081292463,0.2536597326048637,0.20615736033023835,0.22265972215859542
2022-09-15,0.16226120363898977,0.251399917731849,0.20169710753416872,0.2186595744102361
2022-09-16,0.16147170219238569,0.25151391885145047,0.2008077442048948,0.21875548886226678
2022-09-19,,0.2511454711499787,,0.2176697985379057
2022-09-20,,0.25141556739686105,,0.21800394502819695
2022-09-21,0.1613239756437939,0.2505325249265098,0.20173720524778738,0.210512376415631
2022-09-22,0.16189714044019743,0.24855207989332842,0.19440060256561975,0.21198122728496208
2022-09-23,0.16428626010078295,0.24882659606013366,,0.21408177528382039
2022-09-26,0.16266262110961047,0.24843103078489506,,0.21401216561903585
2022-09-27,0.16174519209743138,0.2484250917467415,0.1922772183847922,0.21326802864538405
2022-09-28,0.16175916107641614,0.24956247238009818,0.1933186224560822,0.21251107732900337
2022-09-29,0.163430245659969,0.25066283944659995,0.1937650652489788,0.2136522458579584
2022-09-30,0.16329839745389035,0.25033792369604196,0.19415631325072663,0.21446175542302826
2022-10-03,0.1633303358916418,0.2531586205970148,0.18860168913073241,0.21461787759329887
2022-10-04,0.16739818954299407,0.25685561537736157,0.19294471250678732,0.21890697952914792
2022-10-05,0.16747523891192845,0.25610202496213796,0.1883760988880431,0.2188891408515832
2022-10-06,0.1678006722432871,0.25630781523118196,0.18862319434411315,0.21813412625548176
2022-10-07,0.16730598317652712,0.25831431639008523,0.18885213250007388,0.21913151183185542
2022-10-10,0.16717702077631297,0.2583276986462392,,0.2187714071330545
2022-10-11,0.16742797566748843,0.258012900563343,,0.21860344873085977
2022-10-12,0.16772343271893123,0.2575792524413058,0.18859426516001415,0.2162329867173346
2022-10-13,0.16775821221530057,0.26027495610043344,0.1880668348181395,0.2166446902565676
2022-10-14,0.16739840214014032,0.26202343152536367,0.19328714921493204,0.2156834088179527
2022-10-17,0.1679155517582734,0.26500906471278574,0.19370769681283467,0.2172590807483417
2022-10-18,0.16787138568056073,0.2647408982126283,0.19460554190824192,0.21751490549336355
2022-10-19,0.16629734255866194,0.264829825227604,0.19464437412731278,0.21756128272392752
2022-10-20,0.166153355391651,0.26437269940066865,0.19505659955029367,0.21761230470290832
2022-10-21,0.16612855968351703,0.26630373949802577,0.1938576496155132,0.2161330115225766
2022-10-24,0.16641241680790628,0.2658276686972671,0.19238840051781836,0.21690142972437693
2022-10-25,0.16624498687870776,0.2669807495241514,0.19285044023931983,0.21609288847906896
2022-10-26,0.16640346832403588,0.2664234599752583,0.1928570775078833,0.21421013740964456
2022-10-27,0.16645972900692024,0.26374375013766155,0.19109778983979708,0.2138189064233784
2022-10-28,0.16541306978695797,0.2660096830627286,0.18965473500764307,0.2137792219358609
2022-10-31,0.1636039573878781,0.26324714926550297,0.1905085555603035,0.21313037437760832
2022-11-01,0.16464932544784422,0.263259596814466,0.19050645812584757,0.21332562500897775
2022-11-02,0.16465454123089845,0.2630575429413384,0.18984653823025938,0.21202809606542927
2022-11-03,0.16410380973671318,0.25843041700057867,,0.21196573301644442
2022-11-04,0.1664902868192818,0.2590751223760657,,0.21491841239818987
2022-11-07,0.16614517324795042,0.25937281620774544,0.19033651018975914,0.21482562315088238
2022-11-08,0.16613807378335885,0.2559300465977786,0.19074827761229576,0.21358107363516698
2022-11-09,0.16470506110429944,0.2525730304803703,0.190185796025435,0.20971480013475116
2022-11-10,0.16199210969073088,0.2641236815966495,0.189248898500261,0.21402240309118928
2022-11-11,0.16230997691533747,0.26046553373705256,0.19160015298974825,0.21105939464134735
2022-11-14,0.16155940375949515,0.2607393563777216,0.1922110078031558,0.21071032055195302
2022-11-15,0.16002166742344173,0.2599852055200022,0.1913967636714283,0.20807729958461713
2022-11-16,0.15602422494883156,0.26024279578284176,0.18992483159675352,0.20829878068047586
2022-11-17,0.15576802159605802,0.2580804204893003,0.18630558705038056,0.20720615780396548
2022-11-18,0.15561582845217675,0.25812378200253494,0.18609135740993393,0.20695940547423256
2022-11-21,0.1548839040288347,0.25656481120253416,0.1860897209605578,0.20580664305784072
2022-11-22,0.1533287351922788,0.2506075884008828,0.18432149528452607,0.20573876886958856
2022-11-23,0.15243756106518658,0.2506017813553755,,0.20489487923279973
2022-11-24,0.1506255770104326,,,0.20356089372870176
2022-11-25,0.150572401911787,,0.18092908602990906,0.2032659563476413
2022-11-28,0.1504177092096054,0.25158293132808285,0.18098510204425916,0.20317117475329816
2022-11-29,0.15038125481630066,0.25022351516705976,0.18107687893379554,0.20220001347826827
2022-11-30,0.150770631028664,0.25367365331857017,0.18068028605371614,0.20212888405995966
2022-12-01,0.1507714161965287,0.25333413132241306,0.17891691404031448,0.20182746895666356
2022-12-02,0.15076520544065228,0.2517911614401662,0.1796538965508107,0.20179004573968173
2022-12-05,0.15012302224470944,0.25061323349913495,0.17917383915428636,0.20182789190781308
2022-12-06,0.15036722192141175,0.2512059876428239,0.1786406787636051,0.2003909773305382
2022-12-07,0.15048763102595347,0.24978620727492237,0.17891812764873719,0.19434035644997633
2022-12-08,0.14889307089244577,0.24902177333779,0.17897554361436305,0.19021174635796034
2022-12-09,0.1456838972405264,0.24916003272464982,0.17947947098575795,0.189902326694241
2022-12-12,0.14410227911720766,0.24962916424274423,0.17695346663755004,0.18885775051328524
2022-12-13,0.14440251795842646,0.24942929404891825,0.17695490404081343,0.1849265899537758
2022-12-14,0.14349363175459534,0.24726592355499136,0.17700415655202928,0.18500102148199865
2022-12-15,0.13665066218472988,0.246309638472531,0.17707751973247152,0.1918827710018739
2022-12-16,0.1377868986165275,0.24036895660094373,0.17828802936936036,0.19211656758398207
2022-12-19,0.13633337811676235,0.24065323664728508,0.17875704311769391,0.19167823292559294
2022-12-20,0.1362281581309331,0.2397713697782959,0.18218200585238828,0.19129893429553574
2022-12-21,0.13761682324422553,0.23603064919885974,0.18179494032791713,0.1890318104059337
2022-12-22,0.1369716975017768,0.2369431820703876,0.1819231496148389,0.18998538855582245
2022-12-23,0.1319188397686309,0.2370711509612953,0.18127248176695557,0.18998534033782108
2022-12-26,,,0.17630408393478805,
2022-12-27,,,0.17528461417915187,
2022-12-28,,0.23733106770618442,0.17460750194138142,0.18965090158942893
2022-12-29,0.1316214340504678,0.23473771779774258,0.1750496200783648,0.18848958967841037
2022-12-30,0.13159807011941513,0.2347277051687853,0.17316641386177448,0.18974658898814192
2023-01-03,0.132932815455089,0.23301299933612604,,0.19235626769169828
2023-01-04,0.1299072506936765,0.23324813823739793,,0.19072281600050486
2023-01-05,0.13016305012318774,0.23350933654317313,0.17290366333193924,0.18931334995418556
2023-01-06,0.1301277751889953,0.23521335913351565,0.1711932853153793,0.18852674815380754
2023-01-09,0.12311877133808866,0.2351680742132665,,0.18913464714347444
2023-01-10,0.12233334584259974,0.23443746455415107,,0.18854725175833295
2023-01-11,0.12147823064146826,0.23511631259790516,0.17168784291057634,0.18893627538855817
2023-01-12,0.1220338087818803,0.2345546514410951,0.1716866232111721,0.1884451240976875
2023-01-13,0.12229373616383028,0.23420872095361867,0.17181080981622684,0.1867521839083074
2023-01-16,0.12229740781880882,,0.1714033257307697,0.18413864355457313
2023-01-17,0.1217667917018372,,0.1720202596171408,0.18378352239673512
2023-01-18,0.11936224357983158,0.23521702830702523,0.17502736807992697,0.1815883377584358
2023-01-19,0.11833028560675887,0.23544323952590585,0.17485792733041372,0.18389184667289454
2023-01-20,0.11779724126939631,0.23539909108101428,0.17317714635217793,0.1840142950011219
2023-01-23,0.11704583636492157,0.23562765829657842,0.1737545696122085,0.18422815270337484
2023-01-24,0.11697643491637418,0.23251660578707306,0.1743397581551204,0.18422497644109853
2023-01-25,0.11701826362481046,0.2323784206456021,0.173470459380791,0.18379240545086034
2023-01-26,0.11703699039201426,0.23247861316673543,0.1723471323534153,0.18359394641761365
2023-01-27,0.11693087631376842,0.2320981677284239,0.17234594331002598,0.18291546966404051
2023-01-30,0.11696058116260383,0.23285957161792586,0.17169874942501506,0.18198070561837856
2023-01-31,0.11677595325904984,0.2331253614404325,0.16981611511765102,0.1811766639342048
2023-02-01,0.11679963065271633,0.23074217380874187,0.1696761921443305,0.1810400674727847
2023-02-02,0.11635680475780223,0.2310306238950097,0.1694962739800356,0.1819818729757906
2023-02-03,0.1171593693366987,0.2306758075081657,0.1694203001382025,0.18171713374555962
2023-02-06,0.11781876201624435,0.2308090077269455,0.16561535889561715,0.1818887297726517
2023-02-07,0.11773222864584242,0.23130296804173447,0.1655130793637092,0.18151696030923367
2023-02-08,0.11776838713693603,0.23082145291558015,0.16548495879201092,0.18151395204945125
2023-02-09,0.11780760145766689,0.23116061731148507,0.16510265366530422,0.18183864817829853
2023-02-10,0.11772742823322324,0.23117129055367194,0.16513074540966838,0.18276622874365284
2023-02-13,0.11823201357662767,0.23172592984617327,0.1656134509636567,0.18320180936528024
2023-02-14,0.11819966055165224,0.231644160192209,0.16577460208946151,0.18215091097841674
2023-02-15,0.11808783532477116,0.22974429507615218,0.1658633434595113,0.1824511060964154
2023-02-16,0.11796029380662532,0.23057625341089183,0.16587796528767249,0.1814818240930587
2023-02-17,0.11798060219711287,0.22927847542597254,0.16486989896611534,0.1793215441132378
2023-02-20,0.11790800775730388,,0.16471431641880788,0.17930290345336328
2023-02-21,0.1180421978214828,,0.16447855373333523,0.1794610745545668
2023-02-22,0.11832491609765158,0.2292047543599363,0.16515586702499888,0.1795044645260359
2023-02-23,0.11841790407492807,0.2293234863700548,,0.17712109287431477
2023-02-24,0.11850293556092102,0.22957506512327935,,0.17877636204508274
2023-02-27,0.11850818025406153,0.22959621770177518,0.16512063455803105,0.17998606038369355
2023-02-28,0.11898316286298535,0.22892152463746046,0.16464401447917246,0.17895695051146193
2023-03-01,0.11914148200304912,0.2269797147761743,0.16441989414021668,0.17720907527827912
2023-03-02,0.11873071300885332,0.22721795018767482,0.16364526681906238,0.17412948885430726
2023-03-03,0.11765388091887506,0.22831517789503594,0.16509713942419402,0.17318790304313822
2023-03-06,0.11439756244576652,0.22745190500693468,0.1649382244941772,0.1732236816027347
2023-03-07,0.11166531874931537,0.22326150445284243,0.16438051485318594,0.17376367944540522
2023-03-08,0.11166856816257471,0.22305854909974215,0.16450257932933898,0.17375517396260268
2023-03-09,0.11209540008909391,0.22407861827730835,0.1645659045172903,0.17250411223607254
2023-03-10,0.11405028680756243,0.22476221072835548,0.16545651542703166,0.1714245763232804
2023-03-13,0.12005744589091398,0.22473377021321977,0.16608296638024334,0.17592520018997426
2023-03-14,0.11995520551107447,0.2253774251449286,0.16889553028990228,0.17773709420010647
2023-03-15,0.13017023616535092,0.22414631939405905,0.1687044716292517,0.18468219288537124
2023-03-16,0.12972616038489385,0.22530364336601275,0.16467887175538298,0.1857450774706866
2023-03-17,0.12880860808025887,0.22482844819915673,0.1647630111245646,0.18678109698330375
2023-03-20,0.12946340335859843,0.22468344558479347,0.16594126788928243,0.18696499042532994
2023-03-21,0.13149224041351382,0.2164506482948748,,0.18778402624221088
2023-03-22,0.13133232905726455,0.21772763081293692,,0.18560074844059618
2023-03-23,0.13102935600653792,0.21713488898882288,0.1644857668705589,0.18221960540487683
2023-03-24,0.12916188914256777,0.21699783482915563,0.16449639213458273,0.18436636007992382
2023-03-27,0.12972164071167802,0.21681212165250183,0.1645463861968531,0.18440928520492395
2023-03-28,0.12948028424333316,0.21618841408726627,0.1645565717488694,0.18441315455723736
2023-03-29,0.130223418654423,0.21556271071318123,0.16523576599974232,0.18340850729132907
2023-03-30,0.1278975667072872,0.21528004491940997,0.16218202311706836,0.18350410818974408
2023-03-31,0.12789371627997612,0.2145489372180134,0.16253042533527728,0.18348705371777874
2023-04-03,0.12804561073119664,0.21395704780434788,0.1618865262851491,0.17457845018399523
2023-04-04,0.1234126397500193,0.21413518445565818,0.16192147924129982,0.17370450331350265
2023-04-05,0.12325404585154036,0.21259046665834416,0.15868420951758527,0.1736904100731782
2023-04-06,0.12339248247745536,0.21022411497277446,0.15965409256583352,0.17161658577819014
2023-04-07,,,0.15885880040050326,
2023-04-10,,,0.15771440490234886,
2023-04-11,,0.20893730877475766,0.1580982640598368,
2023-04-12,0.1235139395591856,0.20618582634106464,0.15812336476052108,0.17130863148785055
2023-04-13,0.12329382783668012,0.20273147941137795,0.15657787898881428,0.17115678414931043
2023-04-14,0.12224087155809173,0.20273299612988882,0.15689246690246783,0.17112961810764102
2023-04-17,0.12147280390218464,0.20212810352734492,0.15448892809471718,0.17114450859933225
2023-04-18,0.12148410341148846,0.1977286215242793,0.15396807511559835,0.17115729329443846
2023-04-19,0.12153165985896604,0.19734261983629497,0.1485850031339604,0.16973676208984242
2023-04-20,0.12101583322301741,0.1972985163008934,0.14847472160934214,0.16969746634631366
2023-04-21,0.12100133108796203,0.1971898935700638,0.1482783840623971,0.1697733475095795
2023-04-24,0.12095439001413114,0.19412814510601284,0.1478839251382978,0.16972341094519605
2023-04-25,0.12103871460576271,0.19236262442979704,0.14788217981800222,0.1697882085109112
2023-04-26,0.1212535284057926,0.18917987299969669,0.14798680499452496,0.16922966106226509
2023-04-27,0.12110522796431115,0.1904022098383679,0.14101403525006306,0.16793806887369853
2023-04-28,0.12124135068084854,0.1903484808321051,0.14129134863863246,0.16784835642327078
2023-05-01,,0.18991542772337863,0.14050416368845545,
2023-05-02,,0.18811307746031597,0.140429698691549,
2023-05-03,0.12102497941796665,0.18780485337949407,,0.16785858860387112
2023-05-04,0.1221613482663171,0.18686277695133313,,0.1681321179324881
2023-05-05,0.12267117545092827,0.18817213372339492,,0.16884740230959633
2023-05-08,,0.1879147695819696,,0.16848920632737863
2023-05-09,,0.18506401668182254,0.14041524954377207,0.16828043161840647
2023-05-10,0.12250367261597594,0.1847789801057519,0.14040259422373408,0.16790955886472403
2023-05-11,0.12131544745532818,0.18468309114518172,0.14035535164199184,0.16419147222981317
2023-05-12,0.1210098905972037,0.18094129148107763,0.1401975447265923,0.16408177973126356
2023-05-15,0.1207989068403651,0.18020724947253663,0.1403376256241733,0.1637979206190515
2023-05-16,0.11770045525379863,0.1796272179722456,0.14056157086335047,0.1637011517591753
2023-05-17,0.11760851794798037,0.17987476164269423,0.14033819924927274,0.15798335149258402
2023-05-18,0.1176409054403468,0.18015576391196175,0.13992389740544847,
2023-05-19,0.11762735458262544,0.1774589562357659,0.14021820647318473,
2023-05-22,0.11673405891389768,0.16066634456324136,0.1406866252094742,0.15790226131716373
2023-05-23,0.11615987575761177,0.16108371862476634,0.13995998311404517,0.1585348502195149
2023-05-24,0.1183100173483235,0.16090674302753147,0.13961327364502918,0.16054966924140507
2023-05-25,0.11876097164580074,0.16091126232735511,0.13941429371291644,0.1600537729888493
2023-05-26,0.11912473508305339,0.16137398967235173,0.138686702500676,0.1614501335668785
2023-05-29,,,0.13325835746704956,
2023-05-30,,,0.1323318775691711,
2023-05-31,0.12003830021768011,0.1615740102814443,0.13398418826687966,0.16267554874849438
2023-06-01,0.12009427468609254,0.16198993086811062,0.1344360194897715,0.16301549617401193
2023-06-02,0.121991679033032,0.16301216579714717,0.1352643371554423,0.1642102452895451
2023-06-05,0.12119615903661646,0.16205924471154268,0.13845929348800295,0.16450248003416876
2023-06-06,0.12127575660334623,0.1619084517912351,0.13891984430113358,0.16443663773511918
2023-06-07,0.12128119489604247,0.1603755350158268,0.14140248259362298,0.16444700865391423
2023-06-08,0.12133698424875407,0.16051899017557847,0.1418920413698451,0.1641071979342403
2023-06-09,0.12152787148994784,0.1548637918485503,0.1441687438582594,0.16414069925565886
2023-06-12,0.12133958287211462,0.15533186772670887,0.14406084476963715,0.1640282551150143
2023-06-13,0.12089350195145976,0.15555557360449068,0.14594470231925533,0.16417361812499878
2023-06-14,0.12086217595933303,0.15322549542322464,0.1467363681864365,0.1643452939701578
2023-06-15,0.12094254248807895,0.15244795399120123,0.14469165335025302,0.16417794296467014
2023-06-16,0.12095207527273084,0.15254114327104876,0.14488009642086788,0.16422941106962552
2023-06-19,0.12106679524663463,,0.14576485230958156,0.16446203997764344
2023-06-20,0.12096019017685564,,0.14526931001801724,0.1646272294740215
2023-06-21,0.12092823812317952,0.15253086351053738,0.14518559089910812,0.1646773002104149
2023-06-22,0.12143419324420028,0.1521076068611301,0.14521236725832018,0.16460654376035982
2023-06-23,0.12153663019462116,0.15145756490132148,0.1468686094392163,0.16349555903673402
2023-06-26,0.12108500696638078,0.1513777519683399,0.14690232513278184,0.1634358704835298
2023-06-27,0.12108349238659932,0.15178736595967668,0.14688986208803845,0.1551714720882306
2023-06-28,0.12053977498265991,0.14713547540944008,0.14915158311439194,0.15504423162468337
2023-06-29,0.11925698604643704,0.14614633436813318,0.14638171027675165,0.1550494897459361
2023-06-30,0.11963845137377688,0.14620539293740945,0.1454454924550655,0.1555051857529678
2023-07-03,0.11963767896625427,0.1462047448973944,0.14216332479666047,0.15361457504798465
2023-07-04,0.11725049375504833,,0.1425968850042984,0.15241672129559974
2023-07-05,0.11806948273889413,,0.14266561254059593,0.1530656521757072
2023-07-06,0.12212576143591182,0.14556583842003146,0.14413025250603917,0.15882380655227182
2023-07-07,0.1221709638320165,0.14393212209596193,0.14520364007125472,0.15822960725294205
2023-07-10,0.12167565587044304,0.14379820584660574,0.1456040314103371,0.1567586875723057
2023-07-11,0.12012150997790257,0.14271179187468874,0.14540126214058896,0.15379776881861607
2023-07-12,0.12273784047631225,0.14117567124084654,0.14521425996792134,0.15219849433118685
2023-07-13,0.12249251576826041,0.14140895343792428,0.14641277909738165,0.15233334517773672
2023-07-14,0.12187618473068103,0.14123750637748805,0.14641122087752237,0.15107052738315582
2023-07-17,0.12189097884768507,0.14101929315640363,,0.15086839598297
2023-07-18,0.12211687711485583,0.13997235558953283,,0.15083144438479112
2023-07-19,0.12460656411280327,0.1367578778531393,0.14707301038593593,0.1502225679378233
2023-07-20,0.12443484504789662,0.1372208537365641,0.14786815850210008,0.15000767154420241
2023-07-21,0.12414544210443351,0.13700345314487725,0.1482045536857003,0.14990039334456567
2023-07-24,0.12414235118636797,0.13609371850677432,0.14764951660755368,0.14993106107841955
2023-07-25,0.12415518875158045,0.1360777396147291,0.1465148768278594,0.14985199702623614
2023-07-26,0.12413109450234053,0.13603937554422196,0.14577143164000866,0.15062256333464563
2023-07-27,0.12321653314147207,0.1343339329059712,0.14220906784521087,0.15137008734031931
2023-07-28,0.12314817318067504,0.13424529749388486,0.14060725561401807,0.1512503742511214
2023-07-31,0.12312666739373135,0.1319729731195473,0.14135489688477063,0.15094008740379425
2023-08-01,0.12317872329498879,0.13124585967550786,0.14079676200752814,
2023-08-02,0.12470273932457701,0.13296273220881263,0.1438585543893404,
2023-08-03,0.124812647837154,0.13305208117115505,0.14608249101986318,0.151362933067045
2023-08-04,0.12498901484060262,0.1326153967086421,0.1460479353039747,0.15157868190572846
2023-08-07,0.12494830802115497,0.13308128033381858,0.14605202243143056,0.1513698415615719
2023-08-08,0.12502718062749002,0.1317766106547804,0.1460987003825081,0.15229399930927764
2023-08-09,0.12552335456886268,0.13087550157437253,0.1462147439148655,0.1523628057575661
2023-08-10,0.12519606948705472,0.13018095546336464,0.14657227865959727,0.15378569865521752
2023-08-11,0.12553578563070966,0.1287245877114506,,0.15524697071264085
2023-08-14,0.12504434292203856,0.12793094746229106,,0.15357651940379982
2023-08-15,0.12686354695454813,0.12876465455296043,0.14670096272006797,0.15415382865218677
2023-08-16,0.12692751848854986,0.12816642709795012,0.148362620215984,0.15309351931907825
2023-08-17,0.127100467529752,0.12762476870320355,0.1483418705584033,0.15430861716454422
2023-08-18,0.12731550381916845,0.1269034455360515,0.1486160825701749,0.15440307069161774
2023-08-21,0.12671056288890328,0.12718152874660268,0.14856987059800916,0.15386355930668566
2023-08-22,0.12673957717090406,0.12637675909983714,0.14900335423351335,0.15323747443393232
2023-08-23,0.1268786530537854,0.12720697072218215,0.14906993654019574,0.15259488675951355
2023-08-24,0.1268768553849549,0.12877150466198925,0.1487815246267361,0.15305438100312846
2023-08-25,0.126886333068025,0.12737585472197652,0.1517838628924022,0.15246637324705054
2023-08-28,,0.12750505798700126,0.15334326991249786,0.15352721482135992
2023-08-29,,0.12888320858899863,0.15311353562576982,0.15367587586324402
2023-08-30,0.12688439565923784,0.12879971010769029,0.15274764055763168,0.1537226446074193
2023-08-31,0.12688930764606382,0.12779425509809295,0.1531275499853992,0.15368077410406814
2023-09-01,0.1267722816530947,0.12776649256623282,0.15306792555085336,0.1537421954300304
2023-09-04,0.12673444939187173,,0.1518163639995704,0.15367843217377936
2023-09-05,0.1266701112428737,,0.1517894606377861,0.15130054133267504
2023-09-06,0.12622225641575663,0.12814326089114125,0.15193183928433246,0.14995887641532857
2023-09-07,0.125882991404871,0.12802377461441447,0.15246109317553505,0.15004186045980422
2023-09-08,0.12588332933990443,0.1276865425113844,0.1535634873099146,0.14991362231766556
2023-09-11,0.12581767730015248,0.12614403831424623,0.15243451970141408,0.14979859661864103
2023-09-12,0.12597301813351164,0.12649009601609698,0.15224340915815843,0.14881289949194143
2023-09-13,0.1259473557396364,0.12433915965799563,0.1523020169298735,0.14883119697948596
2023-09-14,0.12899163463340402,0.12477907894530856,0.15330605454272622,0.1495169588212861
2023-09-15,0.12918282944103923,0.12306208852199316,0.15375933326425079,0.1495646519358902
2023-09-18,0.12932057925521023,0.1210189468214771,,0.15048868947740426
2023-09-19,0.12713111987804834,0.12105147703623634,,0.14926294116740144
2023-09-20,0.12225878898102226,0.12003887788301718,0.15199422506005503,0.14238034581403453
2023-09-21,0.12157719381467069,0.12206031324509825,0.15248510531744863,0.14134599919730967
2023-09-22,0.10800979401495261,0.11985671624856659,0.14906158271017464,0.13198656002549444
2023-09-25,0.10795024456148146,0.11874413599832598,0.14938509725033655,0.12978149863435665
2023-09-26,0.10692996354915121,0.12025577077813861,0.14985199179002925,0.1291631599004178
2023-09-27,0.10636203153274647,0.118993058193506,0.1491148430747207,0.1278469170185195
2023-09-28,0.10341665804780781,0.11666608202333223,0.14938928363336346,0.1265119896538134
2023-09-29,0.10326924732149939,0.11672726902422689,0.14934763766291262,0.12650123114076472
2023-10-02,0.104114997837375,0.11652208875688116,0.14943475154256564,0.1271074883020455
2023-10-03,0.10283490823703872,0.1183099158801847,0.15154588130123653,0.12522665047409592
2023-10-04,0.10266047192440515,0.11874442053450712,0.15537551239664132,0.12471351264048239
2023-10-05,0.10290354571619173,0.11720480117235839,0.15623822682115504,0.1247095246651276
2023-10-06,0.10211797533166421,0.11805232685500494,0.15618304135576339,0.12383950089195822
2023-10-09,0.10156930643827931,0.1167012702548291,,0.12301360537421759
2023-10-10,0.10471888594730953,0.1168033084123034,,0.12663784415813056
2023-10-11,0.10445102251294612,0.11657282147719308,0.1559037715852568,0.12663997349210884
2023-10-12,0.10430526787944595,0.1168959349078912,0.15748952444863742,0.12663665004817173
2023-10-13,0.10451456195450043,0.11708298402044504,0.1577325090600259,0.12827248782527706
2023-10-16,0.10365835225389179,0.11793764725024058,0.15864850224143265,0.12830710239490786
2023-10-17,0.10374565630579323,0.11774949107585377,0.15824280308788996,0.12830981234495234
2023-10-18,0.10492065889962596,0.11805303884990641,0.15825025121984207,0.12892119041983166
2023-10-19,0.10604107741808852,0.11867592616201661,0.16082069723238074,0.12869162872640333
2023-10-20,0.10755195642007331,0.12001635767664952,0.160519229393836,0.13046163957756265
2023-10-23,0.10748408884806744,0.12004327791637848,0.16090314589826285,0.13031122737907094
2023-10-24,0.10753401556101601,0.12045389150400486,0.1608912435234365,0.13060323887564326
2023-10-25,0.10765818079222271,0.12192482771931377,0.16033438889462692,0.13061994631258242
2023-10-26,0.1081677202556741,0.12311422970033731,0.163419858120338,0.1306085658605605
2023-10-27,0.10877922258178031,0.12330432325845753,0.16419344090345714,0.13112924067158996
2023-10-30,0.1090136955093204,0.12231652426255914,0.16478984797095256,0.13104538513939806
2023-10-31,0.10883475218078476,0.12248484402257452,0.16491479145688426,0.13125010301140483
2023-11-01,0.10888754130391433,0.12032108655831641,0.16804459195931218,0.13165487945579074
2023-11-02,0.11054663648500183,0.1226012070333661,0.16865589814676085,0.1343818844775279
2023-11-03,0.11060782641942328,0.12325255506249493,,0.13429592475061408
2023-11-06,0.10955605686105024,0.12205267354871252,,0.13419045531122178
2023-11-07,0.1086094086046738,0.12161544692571401,0.16986957527231594,0.13302597906821148
2023-11-08,0.1085539102991812,0.12109760099365156,0.1695938414681289,0.13328271344369824
2023-11-09,0.109081300566465,0.11909797872930959,0.17074431098051882,0.13413108542288257
2023-11-10,0.11039670277324007,0.12097587908725624,0.16979665169242128,0.13445264912602803
2023-11-13,0.1110684098307817,0.12076746000040939,0.16937262844864442,0.13495757001927877
2023-11-14,0.11103381208748568,0.12338640162359646,0.16941371827363477,0.13636292098995262
2023-11-15,0.11132172118183102,0.1233428309354533,0.1723294691712031,0.13657328522222797
2023-11-16,0.11212977923864005,0.1232983941303072,0.17226398216867939,0.1366485991925283
2023-11-17,0.1135589240623283,0.1232619957728151,0.172350696071768,0.13718305664016545
2023-11-20,0.11352423077431366,0.12318269519855793,0.17223174655492898,0.13713940715267223
2023-11-21,0.11354264989588309,0.12225836441834265,0.17193595025139344,0.13642811684056252
2023-11-22,0.11083843353946932,0.12173089513848481,0.17171012641554678,0.13396154286766754
2023-11-23,0.11039851787444893,,,0.13397586195471403
2023-11-24,0.10988164515940817,,,0.1322282615786417
2023-11-27,0.10907416538997028,0.12175143831747058,0.17156432513924724,0.12996745134552654
2023-11-28,0.10873695610310277,0.1217491318569301,0.17019344647940426,0.12938252960923405
2023-11-29,0.10656455383615328,0.1205626753709864,0.1699356421839782,0.1278007096278498
2023-11-30,0.10674211723025115,0.12006880339920567,0.16961700068682,0.1274126788897116
2023-12-01,0.1076036443496661,0.11976127096307734,0.16952063739897652,0.12788733586090886
2023-12-04,0.10763811233706796,0.11884258870736951,0.16924916739826804,0.1278880286463544
2023-12-05,0.10763053989953911,0.11845428929540817,0.17035266317852052,0.1283901198278122
2023-12-06,0.1075468617300837,0.11793586626715824,0.17262262542974832,0.12865295747150896
2023-12-07,0.10753134243145024,0.11676095164851069,0.17392243369166135,0.12845939000920562
2023-12-08,0.10771922268201893,0.11680215148175803,0.17552805548981854,0.12897392372863906
2023-12-11,0.10771615204282403,0.11686846275883918,0.17561787844450982,0.1287740161430281
2023-12-12,0.10759672508867857,0.11681997001550001,0.1752418785294227,0.1287161527961244
2023-12-13,0.10756363875890414,0.11797236711345437,0.17445951318044647,0.12843776228773512
2023-12-14,0.10878311750344583,0.11799993881459828,0.17200402565024256,0.12796003551427845
2023-12-15,0.10955067885973525,0.11738865084969975,0.17197453790763215,0.12778475751888538
2023-12-18,0.10977758875033157,0.11718426910402313,0.17023737789101834,0.12793202216667854
2023-12-19,0.10934106508055902,0.11740771412902641,0.17094726234448895,0.12779553025377005
2023-12-20,0.10999913719087213,0.11833111066240704,0.16980021557145497,0.12725288179611335
2023-12-21,0.11005948912836108,0.11896384386947814,0.17115409797244552,0.12729424438093312
2023-12-22,0.11005188054685847,0.11867107125267234,0.16923428699894535,0.1271043250178259
2023-12-25,,,0.16796796467167013,
2023-12-26,,,0.16798896930499374,
2023-12-27,,0.11859940718188383,0.16849974050457361,
2023-12-28,0.10981256252472697,0.11799590054344872,0.16802372487620074,0.1266314401982056
2023-12-29,0.10968511855051583,0.11786947973189486,0.16804413452407577,0.1266162090302456
2024-01-02,0.1091332764847655,0.11724192780225755,,
2024-01-03,0.10937074473152038,0.11787741513895979,,
2024-01-04,0.10961697916080494,0.1178825746652212,,0.12609926164818663
2024-01-05,0.10879018269396044,0.11671893719262026,0.16789218588917484,0.12615962742979592
2024-01-08,0.10415156625070937,0.11828439670156077,,0.12627832930044916
2024-01-09,0.10405603162693912,0.11769988487994268,,0.12568754079786912
2024-01-10,0.1042077282805335,0.11781131947437772,0.16979740710358376,0.11801171877258307
2024-01-11,0.10517456079996819,0.11779988166122872,0.170312142909411,0.11835222458910453
2024-01-12,0.10238056896965973,0.11748042719000738,0.171531741984592,0.11872564465791195
2024-01-15,0.10243389349878325,,0.17180779029466786,0.1187332623317921
2024-01-16,0.1026563661966183,,0.16994305460214268,0.11644949404856304
2024-01-17,0.10466649457225359,0.11740471443747869,0.17004164801460436,0.11697121371080631
2024-01-18,0.1042914276869549,0.11745099663398513,0.1700288842772703,0.11796560769003286
2024-01-19,0.10107491696897132,0.11859878119862757,0.16949826190440373,0.11705821655237197
2024-01-22,0.10059039628119965,0.11853025672817848,0.17037257270613393,0.11737221814367185
2024-01-23,0.10052061818389611,0.11821446314113868,0.170331114467298,0.11745070437313579
2024-01-24,0.10082085416414457,0.1181870106761567,0.1689240142627115,0.12118780263191758
2024-01-25,0.10078256183607988,0.11790998787140003,0.16801526524589971,0.12118420745938807
2024-01-26,0.10274409070648294,0.11792317092220268,0.16892430958672439,0.12209087951238819
2024-01-29,0.10269291955276967,0.11823059802758361,0.16922871637615677,0.12208119246357234
2024-01-30,0.10289897235230058,0.11820333983541698,0.16877853764359768,0.1211864060059127
2024-01-31,0.10308558132855442,0.1205807595475828,0.16775758917417105,0.1171366005024954
2024-02-01,0.10292977027741801,0.12134004932240476,0.1681453151267197,0.11709299049841844
2024-02-02,0.10110937444698642,0.1214670667222637,0.16738363310757204,0.11715723570794
2024-02-05,0.10093379745950551,0.12158259131009878,0.16651851199331352,0.11659599206911182
2024-02-06,0.10151194608064591,0.12151536393580885,0.16648782956483013,0.11671321085510458
2024-02-07,0.1019486960031184,0.1201833230892734,0.16567981695799486,0.11680627342151444
2024-02-08,0.1020088184622361,0.12008733697494588,0.1680391449053171,0.11585682542260572
2024-02-09,0.10144720627974638,0.11995896654796939,0.16803231777723163,0.11556651560956432
2024-02-12,0.10126345524257659,0.11943791159105842,,0.11398853504120089
2024-02-13,0.10038850786752626,0.12100958890996151,,0.11341460607990755
2024-02-14,0.10091841191635355,0.12111518016992584,0.16814093075112793,0.11350685764643245
2024-02-15,0.09855631191939022,0.12130789782422487,0.16878416355013554,0.11287879078306243
2024-02-16,0.10055865048166363,0.12154980784519016,0.1683187810509385,0.11297315022614744
2024-02-19,0.10015705837118954,,0.16789081931152247,0.1111620607694665
2024-02-20,0.09970524840016426,,0.1644986816244191,0.11099497755561662
2024-02-21,0.10028897816969375,0.1213581327971853,0.16263924851159808,0.11100626659340229
2024-02-22,0.10033352442059719,0.12329581007944988,0.16527070581890838,0.1126988035487808
2024-02-23,0.09996800027044257,0.12267095642533336,,0.1127483442722291
2024-02-26,0.10003927165777574,0.12221563503120977,,0.1120473070061321
2024-02-27,0.10003836858549182,0.12220096836562448,0.16527027467366717,0.11213658249863051
2024-02-28,0.10063069278946724,0.12200881869358643,0.16524167211612625,0.11079756005339249
2024-02-29,0.10040294772938106,0.12200720993052823,0.1650218440862921,0.11046217371607013
2024-03-01,0.10074487774659026,0.12159735762371564,0.16662289344165945,0.11039150116817771
2024-03-04,0.10103794305236641,0.11981073796773234,0.16659214524935193,0.11018600691374639
2024-03-05,0.10099396918419712,0.12067501647690322,0.16506964665265864,0.11024642081265912
2024-03-06,0.10112967013918574,0.12059118590170805,0.16488585458327487,0.11031950145452313
2024-03-07,0.10111697072735897,0.11981445577982691,0.16572735919954815,0.11121260870324512
2024-03-08,0.10109658975157704,0.12024659790465263,0.16569753240621432,0.11068303230411362
2024-03-11,0.1010536488193288,0.12022715921535296,0.16853525855399568,0.11093484628871708
2024-03-12,0.10190014578017725,0.12106250684381216,0.16845694772181,0.11165898868207193
2024-03-13,0.10198337303555344,0.1205857835719262,0.16816534501363392,0.11163512998110518
2024-03-14,0.09841756131183285,0.12056158333262851,0.16536267478464886,0.11154796667582068
2024-03-15,0.0982084672654063,0.12105187739354797,0.16382636623609517,0.11131035999807586
2024-03-18,0.09761314396702223,0.12101587384160511,0.16775007873053893,0.11006819562117057
2024-03-19,0.09764527613130349,0.12078587563381203,0.16790571032841514,0.1101480809343544
2024-03-20,0.09675317730729673,0.12126861345403535,,0.10869468761181703
2024-03-21,0.09977079366939288,0.12087729098131669,,0.1093794659486044
2024-03-22,0.10012034237084766,0.11940469155296617,0.16754434178966454,0.10930156205526513
2024-03-25,0.09949954943663332,0.11956296006847235,0.1684747859087908,0.10679966704567936
2024-03-26,0.09951976033667558,0.11960432689051523,0.16825935449152116,0.10677630740603636
2024-03-27,0.09930815069490131,0.11906023064567708,0.16863021553902977,0.10562914226580171
2024-03-28,0.09935359095883596,0.11627307640503914,0.16988248252419777,0.1045004253827391
2024-03-29,,,0.16958222851571952,
2024-04-01,,,0.1699749380591071,
2024-04-02,,0.11681755829333272,0.169822690723779,
2024-04-03,0.09935119201320276,0.11676561675210433,0.17002521786477195,0.10461211640919786
2024-04-04,0.09774908980873663,0.11612746086764299,0.17030287623803625,0.10434909432523051
2024-04-05,0.0981565928229592,0.11688666731611608,0.17170622711957872,0.10590040118351235
2024-04-08,0.09758862553439657,0.11676175182824075,0.17149536407816093,0.10502046583117382
2024-04-09,0.09738362001798102,0.11660237646563301,0.17181296789613681,0.10520463816667412
2024-04-10,0.09717751850416319,0.11763711528240893,0.17076154092349313,0.105200239184242
2024-04-11,0.09744715461894517,0.11586792588651183,0.1706624563505893,0.10587513013432993
2024-04-12,0.09498404899352993,0.1177876750698427,0.17031116416192502,0.1052249971423651
2024-04-15,0.09514273849048051,0.11928678414656207,0.1698633899392629,0.10455654681561988
2024-04-16,0.09866343796690495,0.11847424131325437,0.17225438644223046,0.10262913874623747
2024-04-17,0.09839062914879207,0.11868507424759031,0.1718663633486928,0.10260832629485295
2024-04-18,0.09836302485975926,0.11864740053164322,0.1718996315691712,0.10266150360542693
2024-04-19,0.09808890135524857,0.11939360641712596,0.1761635764673424,0.10025884503870745
2024-04-22,0.09921538656579974,0.1194176080531583,0.17501683323316433,0.10027861128091181
2024-04-23,0.09773221859604496,0.12004054899897659,0.17178808131612483,0.10188353307524396
2024-04-24,0.09579965153035461,0.11932666051996808,0.1732140588853949,0.10049846892148558
2024-04-25,0.0957749880244022,0.11959596305721472,0.17609639494638285,0.10162215299415911
2024-04-26,0.0962396333439703,0.11841212658813317,0.17625237147878214,0.09979134496443896
2024-04-29,0.09617027224601388,0.11759279055134794,,0.10023459558229543
2024-04-30,0.09535872065750803,0.11844964863572223,,0.10198632274689896
2024-05-01,0.09454800208379316,0.11856923688858953,0.17473747755022387,
2024-05-02,0.09468172252153977,0.1187801404672014,0.17454006946405096,
2024-05-03,0.09483686074798948,0.11761383958433136,,0.10219247542971019
2024-05-06,,0.11663388921538911,,0.10189727248382621
2024-05-07,,0.11625036512233573,,0.10176127827025053
2024-05-08,0.09496269526233066,0.11539285413000003,0.17363313093026653,0.10179633749528706
2024-05-09,0.09315545094387295,0.11529720093658972,0.17295816642067266,
2024-05-10,0.09322257081589383,0.11463323918053457,0.17303234830225764,
2024-05-13,0.09332020203397859,0.11208134476461806,0.1707456826575548,0.10152266265314952
2024-05-14,0.09328343146852135,0.11162944381408874,0.17061506790222963,0.10123781635560855
2024-05-15,0.09325289964978975,0.11254308635428521,0.17012565740350358,0.09835375506218613
2024-05-16,0.09284770535152943,0.11264970737623281,0.17111526718665485,0.09889932998308733
2024-05-17,0.0908769748438478,0.11264832606538522,0.17102246319047515,0.09869856478222026
2024-05-20,0.09018595281873677,0.1118038510070184,0.16824985218920777,
2024-05-21,0.09020864567306867,0.11005382983013436,0.16753006125107667,
2024-05-22,0.09033127216801728,0.1101671116563037,0.1674043771940082,0.09898052685180686
2024-05-23,0.08920427857361826,0.10806473485518703,0.1680966134990118,0.09879430282567299
2024-05-24,0.0877626689238366,0.10836063084301732,0.16587097700901118,0.09771889285559833
2024-05-27,,,0.1654369609100191,0.09694596907658946
2024-05-28,,,0.16423521529001547,0.09704477166276458
2024-05-29,0.08872285622928397,0.10906487880318809,0.16457415162604028,0.09771634857103935
2024-05-30,0.08894908281997417,0.10954983332464246,0.16449170271903382,0.09759798739627863
2024-05-31,0.0891258369821106,0.10962487399635108,0.16515028020500122,0.09741134011224957
2024-06-03,0.08916996295044531,0.10952664213735032,0.16583444123472044,0.09689505012305526
2024-06-04,0.08939410785853463,0.10945488910999489,0.1658389594787028,0.0982177354466416
2024-06-05,0.08918842574364369,0.11036600814568574,0.1627459264892211,0.1004125842363219
2024-06-06,0.08933128640713403,0.11038656214660891,0.16284283420149998,0.10058110450878482
2024-06-07,0.08939940681431856,0.1103938828566537,0.16272927503506357,0.10081443379479876
2024-06-10,0.08936514249952225,0.1103534854198709,0.1629442248093696,0.10147671414533098
2024-06-11,0.08960847304735939,0.11018269875530759,0.16295278757926468,0.10251663876228154
2024-06-12,0.09017718971217335,0.11022429326968393,0.16323015330357482,0.10398758809419284
2024-06-13,0.09056362589941595,0.11019560245751167,0.1631491287332741,0.10807295148740048
2024-06-14,0.09055627649858156,0.1099632315220874,0.16315507321035855,0.11200251626670754
2024-06-17,0.09056404186429917,0.10992828531813936,0.16530429487371787,0.11204286461918556
2024-06-18,0.09063203668068298,0.10987514089465253,0.16572904347356207,0.11235311349030565
2024-06-19,0.0906056203730374,,0.16572362800595455,0.11229472632348549
2024-06-20,0.09122431264412774,,0.16547510772457882,0.11321420772870751
2024-06-21,0.09148727584773247,0.10990041837410477,0.16422763348492186,0.11387402121989863
2024-06-24,0.08996211261306467,0.10998700278773958,0.1619770699345202,0.1135298070946214
2024-06-25,0.08905187546761288,0.10866641830357227,0.1603657605146645,0.11359362582812607
2024-06-26,0.08895615563347596,0.10864965636739662,0.15924835136885887,0.11378330430698774
2024-06-27,0.08930221849534552,0.10863416300162869,0.1585269245150707,0.11384978659902133
2024-06-28,0.0883035775038638,0.10879721917820381,0.15870413521665205,0.11389500238959029
2024-07-01,0.08819106797882732,0.108616140604438,0.15868643860513615,0.11425179763636231
2024-07-02,0.08860180757606373,0.10642752935704908,0.15893144702084544,0.11409115859202446
2024-07-03,0.08896782503526893,0.10580400636298855,0.15940703275290619,0.11514425894260152
2024-07-04,0.0896982788444912,,0.15937811051243506,0.11523318632234268
2024-07-05,0.08993707098439288,,0.15832403931324426,0.11521614433235215
2024-07-08,0.08962326992363025,0.1058035199280297,0.15739514454665549,0.1152628327166517
2024-07-09,0.08991269417403994,0.10580623996038223,0.15772020547014773,0.11690194425056617
2024-07-10,0.0900770880230347,0.10653739018311868,0.15787312753641777,0.11781048585108435
2024-07-11,0.09018672587563911,0.1073433336263556,0.15828392370516292,0.11766250037494771
2024-07-12,0.09025312164257801,0.10703812250064619,0.16249343481826062,0.11887425245029115
2024-07-15,0.0909129530309902,0.10620256580628794,,0.12015133936074843
2024-07-16,0.08978623176306448,0.10619019566709822,,0.12047909762018538
2024-07-17,0.08946332453525976,0.10845603609179875,0.162009696080126,0.12173477629661254
2024-07-18,0.08926072365779121,0.10775305107593677,0.16561515077845057,0.1215743864183363
2024-07-19,0.08942134789431837,0.10834442152777927,0.16559298605302886,0.1218383260408558
2024-07-22,0.08688286498173833,0.10899933506889153,0.16649318194998564,0.12304444778360067
2024-07-23,0.0871124747067129,0.10903842620878132,0.164210339772641,0.12306451974305506
2024-07-24,0.0871764126089449,0.11448903551913138,0.16321212878755326,0.12332899147489121
2024-07-25,0.08721511252389824,0.11443473060929542,0.16864736817487197,0.12345538390808274
2024-07-26,0.08867175365912564,0.11478559754412052,0.16828821567179897,0.12422415764421635
2024-07-29,0.08840659560256271,0.11368074449158533,0.1706053147117231,0.12478092126068648
2024-07-30,0.08850074126627211,0.11398053962930618,0.17052604121428108,0.12483151354425678
2024-07-31,0.08778156309845847,0.11583735108162518,0.1718103912449426,0.1214741988480297
2024-08-01,0.08910766831756661,0.11772148039533273,0.1743846714571454,
2024-08-02,0.0910653666337161,0.12073482030805804,0.19227745854031777,
2024-08-05,0.09555180892901083,0.12851914337884696,0.2675477623650958,0.12325040005034403
2024-08-06,0.09556793185241476,0.12888392063207765,0.30193715018536244,0.12223110053886649
2024-08-07,0.09849906229087282,0.12940734047825947,0.3024807351070847,0.12537589943042698
2024-08-08,0.09859690636002592,0.13100705668702475,0.30209237702632397,0.12521175792238068
2024-08-09,0.09792717104750882,0.1300739908609356,0.30198563321435185,0.12511649074379075
2024-08-12,0.09759373769509043,0.1293072500204279,,0.1250734981355939
2024-08-13,0.09739971478701342,0.1311693855868146,,0.12516105889163054
2024-08-14,0.09750822561828242,0.1312218903301401,0.3021199424199935,0.12548741134376246
2024-08-15,0.09804688596215186,0.13256520931849314,0.3022061624756315,0.1271897826943574
2024-08-16,0.09749578806150236,0.13257401026525306,0.30643032910177864,0.12740019352125384
2024-08-19,0.09726316781341003,0.13298228218863703,0.3073430966161694,0.12735944428885596
2024-08-20,0.09835742160888544,0.13301956514726437,0.30834273631568154,0.1274581979644459
2024-08-21,0.09623824972437293,0.13144444021261387,0.30828617048486334,0.12739390050958682
2024-08-22,0.0962103165276541,0.13163967725682832,0.3084596282016385,0.12608923066509586
2024-08-23,0.09636504798703853,0.13229941670645104,0.30709529245375605,0.1261317294566345
2024-08-26,,0.13217483895366183,0.30720590817047916,0.12588788615891283
2024-08-27,,0.1321772292756923,0.3071685438279588,0.1257581112178904
2024-08-28,0.09570255770917001,0.12943909063158915,0.3066728502623691,0.12578520179512018
2024-08-29,0.09578881800078455,0.1294426285477442,0.30639049333579854,0.12657433916728741
2024-08-30,0.09574867269814535,0.12994377532222376,0.3066058157896574,0.12657702564001627
2024-09-02,0.09566951091323214,,0.3066041110710853,0.12458612112425084
2024-09-03,0.09641175210279289,,0.3065907098110269,0.1258424517620941
2024-09-04,0.09588650539611686,0.12998408765876607,0.31081431994179454,0.12729109123856516
2024-09-05,0.09605222594656955,0.13005084196476566,0.3110972032670524,0.1275765667280103
2024-09-06,0.09627764815658936,0.13242131728169534,0.3112148085990385,0.12968577209454865
2024-09-09,0.09700959742417077,0.13291041743205764,0.31125589446378515,0.1301998514695639
2024-09-10,0.09774402971441601,0.13299202305662078,0.3099314878316057,0.13048262397277455
2024-09-11,0.0976341119360214,0.13280012733860752,0.3103870527014282,0.1304702925621004
2024-09-12,0.09790136844856347,0.13299238323348983,0.3143299702761535,0.13113983954207942
2024-09-13,0.09777746580678932,0.13247940787655169,0.3144218577899596,0.13126563436335237
2024-09-16,0.09777294748120133,0.1320595603712523,,0.1303330369462484
2024-09-17,0.09691811051756,0.13203101644605494,,0.13060308112973146
2024-09-18,0.09739253882238703,0.13133215991229316,0.3141553065398583,0.1305146511040196
2024-09-19,0.09796269496391023,0.13320995284249157,0.3157037222804896,0.13332112951001002
2024-09-20,0.09947302865289498,0.1331623369609461,0.3151051685626172,0.13492894195454844
2024-09-23,0.09955931606246483,0.13275934234855838,,0.13495669418209186
2024-09-24,0.09958877854248877,0.13256492309686646,,0.13581645312745189
2024-09-25,0.09963403036657534,0.13246201847906042,0.31510846455940345,0.13600957888617637
2024-09-26,0.09626206313667236,0.13205572382766204,0.3176283631805973,0.13966664278245186
2024-09-27,0.0960800984590669,0.1320494410528613,0.3193340118822836,0.13992902619114314
2024-09-30,0.09717459648768387,0.13209334208519727,0.326673261534164,0.14059301103663588
2024-10-01,0.09736571400175766,0.13277633589420182,0.325624856549496,0.1411122851788558
2024-10-02,0.09738577408404633,0.13267721496014162,0.32682295237576675,0.14109224107574886
2024-10-03,0.0973493261914529,0.1322707503082762,0.3280895466437548,0.14154469826303553
2024-10-04,0.09735207355333454,0.1327672551728096,0.327760447600367,0.1417774041492157
2024-10-07,0.09720096804935846,0.1331016834854922,0.32882648775793455,0.14182949278127918
2024-10-08,0.09847978643756815,0.1336799531996814,0.3288028930053226,0.14177975040648283
2024-10-09,0.09872561614809792,0.13259770678123292,0.3284791421728573,0.14208267203019936
2024-10-10,0.09871693822682298,0.13190752537234232,0.32841380826924615,0.14121216611566595
2024-10-11,0.09864945546506627,0.13208631225439516,0.32797186964371444,0.14125706218183343
2024-10-14,0.0985976729996068,0.1324196863716512,,0.14067828432051807
2024-10-15,0.09811969679197254,0.1321454879916472,,0.1432963497703291
2024-10-16,0.09885444694953921,0.1319372601903032,0.32894630126533425,0.1433884818922218
2024-10-17,0.09560737540237194,0.13003261009824155,0.328811207428409,0.1437314070154688
2024-10-18,0.09565180193880296,0.12870269968386605,0.3285938502480428,0.14390597890261922
2024-10-21,0.09582524351124484,0.12869075667909835,0.32745876866210727,0.14315273950023022
2024-10-22,0.09581542488684558,0.12831733175302215,0.32772212718599547,0.1431502155102399
2024-10-23,0.09354088333900273,0.12909306435138201,0.32747137594237763,0.14313053661942868
2024-10-24,0.093491136435736,0.1282924036627957,0.32743333972572314,0.1430441213602521
2024-10-25,0.09356161492834342,0.12788982087086417,0.3274942438085969,0.14297196900378623
2024-10-28,0.09353028822215383,0.12701372958458262,0.32856238517803715,0.14176817157180296
2024-10-29,0.09364067089488078,0.12700626078119134,0.3286374769311246,0.1417879957884473
2024-10-30,0.09420700483562937,0.12690033980245788,0.3278242388605588,0.14226772240120494
2024-10-31,0.09459333283714728,0.12938972226003811,0.32737169723632,0.1420384447905406
2024-11-01,0.0952399140122414,0.12942647177343725,0.3294450586751614,0.14256917677067532
2024-11-04,0.09482979265381697,0.1272904628288945,,0.1417047300225343
2024-11-05,0.09457230230568317,0.1280721713262049,,0.1415328437590906
2024-11-06,0.09431317067942524,0.13194205918487129,0.3293709085378821,0.14269445099684375
2024-11-07,0.09428576210553559,0.13127622173968298,0.32907514718067415,0.14250120505924574
2024-11-08,0.09455207639824766,0.13070579578857563,0.3290749049236924,0.14310302039291892
2024-11-11,0.0950012401413273,0.13070664281711897,0.32728046968155067,0.14388298769158267
2024-11-12,0.09648645301002187,0.1308288001198145,0.325890864279884,0.14746374051188021
2024-11-13,0.09643248345285418,0.13072449071247377,0.326501053693131,0.14734761180103062
2024-11-14,0.0967356239673014,0.1311307026578412,0.3265322969300017,0.14972926308045564
2024-11-15,0.0967030917728325,0.13270482031047262,0.3265635734600118,0.15014600067448874
2024-11-18,0.09706328536870891,0.1326589325801993,0.3261165375773006,0.15002599642293035
2024-11-19,0.09706945090373965,0.13186578015782968,0.3261790773925662,0.15043128095138447
2024-11-20,0.09680447347754421,0.13179990453091295,0.32612383144548207,0.15056310740406553
2024-11-21,0.09735482870531217,0.13194024318428857,0.3263261307161491,0.1506185187852997
2024-11-22,0.09924843873435485,0.13198391141492172,0.3264067708143061,0.15073284941854076
2024-11-25,0.09860638929179034,0.13199717375052064,0.32694396392289543,0.14954100711994756
2024-11-26,0.09842993249048972,0.13204653241478037,0.3265341523654309,0.14987805532624135
2024-11-27,0.09817359645789267,0.13167395178260755,0.32668195506373343,0.15012603326734641
2024-11-28,0.0981562836375894,,0.32661090114960895,0.1502137794939824
2024-11-29,0.09801682844643485,,0.3266204199700091,0.1501279750036816
2024-12-02,0.09807948642137197,0.13142721652660574,0.326641344629004,0.14882847926827547
2024-12-03,0.09817761804045633,0.130867316029057,0.32727871287094407,0.14882135041918035
2024-12-04,0.09801776461007494,0.13063929422841178,0.3268784909735455,0.14917916227193495
2024-12-05,0.09799541685103753,0.1303643485915557,0.3267684332554511,0.14910701890418135
2024-12-06,0.09722798427190184,0.13037668026146643,0.32693682495107845,0.14850369438347297
2024-12-09,0.09680790035928821,0.1307944499305856,0.32678126755397835,0.14726973254992745
2024-12-10,0.09716965465709651,0.13004358831092444,0.3263581464133819,0.1448030964745323
2024-12-11,0.09718251872920168,0.1304152086094813,0.32594926384654155,0.14193657552155306
2024-12-12,0.09718947741945852,0.13070647296575263,0.32600775207358235,0.14149183152044054
2024-12-13,0.09685189948196839,0.13069837400777087,0.3262637407152068,0.14117601613750594
2024-12-16,0.09705193222139175,0.13073489436945343,0.3260272148785772,0.14102199292548187
2024-12-17,0.09703430214801585,0.13049208203719892,0.3259386462690606,0.1399614957045607
2024-12-18,0.09685897870686745,0.1376007926113154,0.326086808852114,0.13947055450653584
2024-12-19,0.09789493323099069,0.13761009073299485,0.3259389821863376,0.14086071382117943
2024-12-20,0.09779572458536562,0.1380047426581138,0.32593041425873,0.1408806219028205
2024-12-23,0.09778630758308929,0.13829066243722404,0.32627245555997253,0.14078020385301554
2024-12-24,0.09767120841078321,0.13899891611704998,0.3262554186472435,
2024-12-25,,,0.32625486407808085,
2024-12-26,,,0.32561630658433677,
2024-12-27,,0.13992239736702844,0.3263021044577378,
2024-12-30,0.09776070879753607,0.14080227197404654,0.32656698976956566,0.141003333299908
2024-12-31,0.09818462726235512,0.1409730159605838,,
2025-01-02,0.09899941731938076,0.14103112195260376,,
2025-01-03,0.09882614057615358,0.14186484177399591,,
2025-01-06,0.09817692700864544,0.14199965495084826,,0.14470738956745097
2025-01-07,0.09796765972496242,0.14278668662733177,0.32774363148211944,0.14452485051536731
2025-01-08,0.09795527382323282,0.14265334219796239,0.3277610112129758,0.14441885804523225
2025-01-09,0.09819149779338128,,0.3279412406471886,0.14357829621903515
2025-01-10,0.09853153531846548,,0.32798315873604206,0.14396969498241166
2025-01-13,0.09848542372112706,0.1426586979436863,,0.14411404682257387
2025-01-14,0.09842447022485898,0.1426605477693884,,0.1442532756237599
2025-01-15,0.09917175601298979,0.14417677092488093,0.32747528473147197,0.1436032946720417
2025-01-16,0.10028236537387704,0.14359874839598094,0.32732408965597826,0.14421567428355184
2025-01-17,0.10195012000858014,0.14403227888367065,0.3272205854260985,0.14454955494633173
2025-01-20,0.10193924318624964,,0.327655383364526,0.1434476482526536
2025-01-21,0.1016296980876987,,0.3272907257466871,0.14234573701855444
2025-01-22,0.10139126754341372,0.144202204419554,0.32757287087873427,0.142269082045043
2025-01-23,0.10125988150276705,0.1441268305406869,0.3275567072547578,0.1412209810642667
2025-01-24,0.1018062575526353,0.1426704220461794,0.3275568257716043,0.14102835332180358
2025-01-27,0.10166972454750262,0.1438372330696699,0.32777309748125016,0.14068500791007835
2025-01-28,0.10038524192823693,0.14386353367785895,0.3271098893798643,0.13935498228954488
2025-01-29,0.10044869694296535,0.1434027398368445,0.32733046273722716,0.13953574719853587
2025-01-30,0.10140533656786936,0.14349779002450855,0.32705534371617473,0.1390481522512662
2025-01-31,0.1002852347291062,0.13952169966059058,0.3252547847766359,0.13809029425719607
2025-02-03,0.10035223882294583,0.1397875052111658,0.3273662093503913,0.13886260907946815
2025-02-04,0.098534904899184,0.13933838964610726,0.32585778310185204,0.13849372501970178
2025-02-05,0.09424427370632953,0.13939925307956785,0.3258580796498905,0.13835949341805365
2025-02-06,0.09559133439066533,0.1391863667968602,0.32558157666094345,0.139781466571741
2025-02-07,0.09272451895822653,0.13841656023838203,0.325730128221312,0.1383514768208672
2025-02-10,0.09317432304408173,0.13706615900377883,0.3253613777621388,0.1385328824287834
2025-02-11,0.09312111770552076,0.13419640164208899,,0.13607100811149908
2025-02-12,0.09297974492995133,0.12653981832750563,,0.13608492864398686
2025-02-13,0.09322100465500417,0.1265499836758627,0.3223970449904674,0.13802561527808246
2025-02-14,0.09311902010546191,0.12589177852972952,0.322507262235933,0.13804389978278817
2025-02-17,0.09263951345813287,,0.32113065536885294,0.13803750886889382
2025-02-18,0.0924019145095872,,0.32114256540988945,0.13780930187553572
2025-02-19,0.0925846070511432,0.12218044145730414,0.32046636925405136,0.137481059014299
2025-02-20,0.09180397121389938,0.1223456747981891,0.3189536648153128,0.13723346000154502
2025-02-21,0.09180135701269669,0.12508745533726345,0.30734049740083724,0.13703164961092756
2025-02-24,0.09180223075383259,0.12338043775604196,,0.13709438833510212
2025-02-25,0.09158823158965644,0.12356518230192366,,0.1369459703359269
2025-02-26,0.09210785201636454,0.12166736212747373,0.24218085684278481,0.13832448742041123
2025-02-27,0.09200646838164907,0.12392951813037327,0.19995634368679518,0.13906925975152895
2025-02-28,0.09235973585281705,0.1251143979994429,0.20374569364194894,0.13903149189539438
2025-03-03,0.09278497645021755,0.1277406906437205,0.20474862879641936,0.14028347940348884
2025-03-04,0.09392016612272566,0.12890684962286847,0.20540967971348126,0.14611004278914919
2025-03-05,0.09376211177935728,0.1290951885617734,0.20528787397200654,0.14764361289288766
2025-03-06,0.09443568797836004,0.13078533504491577,0.20527817391754716,0.14777097360548003
2025-03-07,0.09379694631694029,0.13089625127703136,0.20145341442604178,0.1484426186933279
2025-03-10,0.09360754386277872,0.13662570969512525,0.19990823064476035,0.14897592602245913
2025-03-11,0.09456270183788491,0.13678964806273203,0.19851121243685718,0.1492158577943453
2025-03-12,0.09479489654169557,0.13695350973985068,0.19847121641604953,0.14932811211828087
2025-03-13,0.09448017495835842,0.13767716051478388,0.1982358676085213,0.14767489956924312
2025-03-14,0.09543637118235847,0.1408398826952204,0.19841428516847215,0.14847056148999213
2025-03-17,0.09572070611714083,0.14104015717314622,0.1986194132365981,0.1483847302158943
2025-03-18,0.09566228280857611,0.1396615103862214,0.19922230689991913,0.14860547399829346
2025-03-19,0.09511951844306857,0.13954051839596923,0.19923513397701823,0.14805151178912798
2025-03-20,0.09432807613766467,0.13945596818690195,,0.14871850694759647
2025-03-21,0.09319280559863308,0.13867247756483672,,0.1488277498330542
2025-03-24,0.09309972760694232,0.14045161768380862,0.19925315492645582,0.148617008257552
2025-03-25,0.09311016933621291,0.140272487190427,0.19908314192862805,0.14904831691656065
2025-03-26,0.0931376961595,0.1411902743557482,0.19928353878204969,0.1469998217588616
2025-03-27,0.0932122351283407,0.1412726790456033,0.1994694050335801,0.14566175600384224
2025-03-28,0.09305353479496736,0.14402326688335074,0.1914643345070782,0.1463099197186549
2025-03-31,0.09277871876490033,0.1422255875044544,0.19973129913113974,0.14732325192423776
2025-04-01,0.09291531358217323,0.14231001383511832,0.19946076938167578,0.14830737312493705
2025-04-02,0.09301583626119239,0.14257740137071245,0.19937477807609008,0.14481244329071927
2025-04-03,0.09569757381932667,0.15880090557248547,0.20332448781402707,0.1536418482265225
2025-04-04,0.11980222766683142,0.18079962549472947,0.20602686856560323,0.16640576640825286
2025-04-07,0.13528709231952302,0.18066941238965928,0.23083296341535123,0.17838783084827492
2025-04-08,0.1394066155159913,0.18188000081386782,0.24557639807316323,0.18195161743784702
2025-04-09,0.1451132692088996,0.22354828599045834,0.2517357050621745,0.18711524752632921
2025-04-10,0.15141390303459026,0.22856354636403012,0.279348278952771,0.19617478162945576
2025-04-11,0.15168094610197988,0.2300663905155165,0.2815696554736667,0.19631970496721926
2025-04-14,0.15452490806581018,0.23036724067102804,0.28211917386237656,0.19964685334083707
2025-04-15,0.15564481013134993,0.22998729784982003,0.2795583937580373,0.20014261632247307
2025-04-16,0.1551071099547595,0.23176062821280624,0.2778034351170537,0.20011687678261947
2025-04-17,0.15480717482873502,0.23131657524570445,0.26995085215346476,0.2000701600868049
2025-04-18,,,0.2689310518471706,
2025-04-21,,,0.2677843941728095,
2025-04-22,,0.23385957568514534,0.2662605151349919,
2025-04-23,0.15526835540184253,0.23508947367444205,0.26765566039554445,0.20354081571542265
2025-04-24,0.15511972334807553,0.23669325152340703,0.2664740870201484,0.20180567652791748
2025-04-25,0.15511163678540824,0.2366712068296072,0.26755940152038565,0.2017669927563433
2025-04-28,0.15488947195758518,0.2364420451768182,0.2673083053438209,0.2015223003696322
2025-04-29,0.1550675682733927,0.23649387624229606,,0.20124629701665295
2025-04-30,0.1551045295654658,0.23650592643488091,,0.20081720333695963
2025-05-01,0.1549844737265878,0.23661068964822746,0.2677886355045342,
2025-05-02,0.15539637525679298,0.23752102838121283,0.26808284390846715,
2025-05-05,,0.23769038086726704,,0.20081731757823476
2025-05-06,,0.2375828446976549,,0.2008299071913395
2025-05-07,0.1551646088855023,0.23764451805306694,,0.201012959866012
2025-05-08,0.15498014635741214,0.23778805978693165,0.26691416814901425,0.2016075922430836
2025-05-09,0.15460882199637227,0.23775962526531963,0.26765879622413347,0.20154232823813012
2025-05-12,0.15480665124839013,0.24204226367560103,0.2677001270027006,0.20259535774166443
2025-05-13,0.1547881939017854,0.24219289504735073,0.2684562358974762,0.201764492216593
2025-05-14,0.15481937133834184,0.24066355411064533,0.26771212749371015,0.20102307258436786
2025-05-15,0.15491992179545225,0.24066477169038106,0.26783494011739817,0.20054851635616555
2025-05-16,0.15459618139982054,0.24079640023698126,0.2678323860722426,0.20040491175750672
2025-05-19,0.15436882080580655,0.24022149548338936,0.2678693097582724,0.20035578513075653
2025-05-20,0.1537907949108774,0.23772905943124367,0.26664979395406513,0.1993128879768256
2025-05-21,0.15379075052222566,0.23863774887106104,0.2665650001329805,0.19881155524337527
2025-05-22,0.15389523313679532,0.23857895401396584,0.26646501715943044,0.19840823832088747
2025-05-23,0.15393943122468826,0.23876283913100343,0.2664689946579042,0.19968475065092078
2025-05-26,,,0.2641518799666101,0.19768670578584369
2025-05-27,,,0.2617064190670406,0.19771860656744492
2025-05-28,0.15403969822132377,0.23885700741207358,0.26168255002668067,0.19619328990208446
2025-05-29,0.15403578997916925,0.23892728342395947,0.26298051420823276,
2025-05-30,0.15423104657899508,0.23877453917264188,0.2635576991847164,
2025-06-02,0.15387222743387852,0.23809252966190925,0.26415114134705747,0.1958485936223515
2025-06-03,0.15271116323230524,0.2381675408254994,0.2630794240466101,0.1958873412090811
2025-06-04,0.15265351881053119,0.238104919045203,0.2632249259008587,0.19559997409192528
2025-06-05,0.15253055723992048,0.23822668945321177,0.2633036897142638,0.1954558925861688
2025-06-06,0.1525608346939751,0.23854614526882215,0.2629167199530852,0.19538196355542106
2025-06-09,0.1525669478565963,0.23850079920302,0.26313231130161713,
2025-06-10,0.1525913943704362,0.2385870455851609,0.2631518696359616,
2025-06-11,0.1525488164959876,0.23848540354794887,0.2629495212398369,0.19530064298687008
2025-06-12,0.15239473456291203,0.23848219948205657,0.26297136959757955,0.1955154779382853
2025-06-13,0.15244579227445054,0.23900519836075454,0.26267576875432663,0.19612242908746128
2025-06-16,0.15247368111705142,0.23937198995170691,0.262949240957317,0.19627294785653154
2025-06-17,0.15245697443559864,0.2395133340720566,0.26279719837033994,0.19669140079214656
2025-06-18,0.15230353328097418,0.2394998358134305,0.2629766724603759,0.19638114275534654
2025-06-19,0.1520262075866629,,0.2633481801013311,0.19698512989846323
2025-06-20,0.15202825187720612,,0.26315145437875664,0.19701651464323738
2025-06-23,0.15205515000507122,0.23985989347237974,0.26181643584547964,0.1967182669199726
2025-06-24,0.15203651748043856,0.24020444659419857,0.2622921690463493,0.1975218897259115
2025-06-25,0.1520356872997638,0.2401638154528304,0.26231375191514267,0.19778158375445534
2025-06-26,0.15157486733472958,0.2401542302513481,0.2630498570704637,0.19778569919461944
2025-06-27,0.1518824956676252,0.24012643631989503,0.263764807654982,0.19871466148586495
2025-06-30,0.15108050741356602,0.24022639091478026,0.26391227799119477,0.19880935529493432
2025-07-01,0.1510510978700579,0.2401821605941472,0.26455140564115043,0.19889247904677204
2025-07-02,0.15105169403677537,0.2401932167370217,0.26416947961101367,0.1991129095321675
2025-07-03,0.15112642890996394,0.2365449975513903,0.2637958248908566,0.19910185553090856
2025-07-04,0.15101764792237934,,0.2637940665501025,0.19965462593519953
2025-07-07,0.15082584164716367,,0.2639031599772075,0.20008590740901513
2025-07-08,0.1503013058916982,0.23654320647314014,0.2636987803206549,0.1988797248473773
2025-07-09,0.15014997988147152,0.23622493350363147,0.26352200672876364,0.19966257532835285
2025-07-10,0.15101460372082445,0.23605364249434213,0.2635704356996355,0.19964953649484643
2025-07-11,0.15113667781756215,0.2356442091065713,0.26310007957354326,0.20000677265104608
2025-07-14,0.15136040029857897,0.23507189822050525,0.2630897179670128,0.1973940247151557
2025-07-15,0.15130273412647396,0.23460998071912267,0.2631743718561936,0.1973441708358819
2025-07-16,0.15077332986157255,0.2345350213689869,0.26273492219025196,0.19788455807071612
2025-07-17,0.15083191593658343,0.23459329443485863,0.2616727718198206,0.19887248183337528
2025-07-18,0.1507724535733353,0.23399003997777842,0.26131429018839936,0.19857515419820734
2025-07-21,0.14990822473747045,0.23388788255260706,,0.19850605663211027
2025-07-22,0.14918652842740768,0.23328876719338992,,0.1989122390095041
2025-07-23,0.14813925937262487,0.23350278559576737,0.2643714948548199,0.19888777900729437
2025-07-24,0.1485642810639396,0.23349955909931697,0.2652252963098314,0.19783827486481215
2025-07-25,0.14854945265786593,0.23354433618897777,0.26518381605531116,0.19752118695228843
2025-07-28,0.14869317701917575,0.23222129973321862,0.26523425469743656,0.19751467618631346
2025-07-29,0.14888235757302187,0.2322443059234577,0.2655002594280453,0.197814377605017
2025-07-30,0.14847136133537836,0.23187378324898197,0.26547369118268527,0.1975529439687019
2025-07-31,0.14847635221571973,0.23180910224743645,0.265773455181861,0.198483643337855
2025-08-01,0.14878876510028077,0.2328756638060262,0.2654946118988297,
2025-08-04,0.14900734346423655,0.23371795322506647,0.2660986213888072,
2025-08-05,0.14834102901650423,0.23285258618561078,0.2653370994508727,0.19849310283904675
2025-08-06,0.14831581619792,0.23272347912072075,0.2652442531631366,0.19834794934802596
2025-08-07,0.147881297161174,0.23261545795763405,0.2653868320928897,0.19918305294321953
2025-08-08,0.14786365895550702,0.23274650159073967,0.26626161705577844,0.19900346445185302
2025-08-11,0.14771579865400342,0.23265167928851385,,0.1985670010274656
2025-08-12,0.146800974064725,0.23285355870860272,,0.19856607968990136
2025-08-13,0.14674118458053603,0.2326965232119172,0.2660315024500541,0.19815268037244443
2025-08-14,0.14636936982512075,0.23265029684211364,0.2665605903631125,0.1981245615795528
2025-08-15,0.14649860831755462,0.23266224402288888,0.26755758229658866,0.19814755276299467
2025-08-18,0.146451454999185,0.23222192055856444,0.2677423241374099,0.19688108300196233
2025-08-19,0.1463430067779254,0.23224051786382333,0.26491203556403903,0.1970976917572547
2025-08-20,0.14697299431272778,0.23227819184909462,0.2657287498790739,0.19693440233905107
2025-08-21,0.14690463980370178,0.2323213460918677,0.26592397757812586,0.19676840619448094
2025-08-22,0.14690875330922767,0.23281870616490963,0.26581261917949944,0.19684558667189217
2025-08-25,,0.23291660486885749,0.2656258380527014,0.19561341214548253
2025-08-26,,0.23295818271109145,0.2660315116335852,0.19622272782040145
2025-08-27,0.14662505635541792,0.23286972787566554,0.2654952672189925,0.19611215194294618
2025-08-28,0.1465136769761112,0.23151228575661048,0.2653869650489038,0.19607637638317899
2025-08-29,0.1465993789634719,0.2315926600330605,0.26542615036923917,0.195550554851164
2025-09-01,0.1466001017455698,,0.26605736694329485,0.19559954254736076
2025-09-02,0.14716136025812987,,0.26603909323730657,0.1965649617094532
2025-09-03,0.14711447018329213,0.23154517091272142,0.2657259564313119,0.19673076767287068
2025-09-04,0.14717575028534163,0.23178683130530714,0.2665139855206687,0.19682249370073618
2025-09-05,0.14695845802548957,0.230613865972359,0.266817208228637,0.19581389630771495
2025-09-08,0.14665975813008425,0.22965783788794777,0.26749786786987717,0.19570991753450198
2025-09-09,0.1455120234671066,0.22813337050975177,0.26415137421290086,0.195708807640016
2025-09-10,0.14554230525249964,0.22735625590962655,0.26342268485303283,0.19465921358845228
2025-09-11,0.14538353341538576,0.22715317089705636,0.2632221156904965,0.1907235375733892
2025-09-12,0.1454071999941494,0.22552982057237542,0.2634418466925303,0.18883636227227307
2025-09-15,0.14475878470919934,0.2255019553567476,,0.18912006703175374
2025-09-16,0.1442363906599802,0.22182239232278408,,0.18947986992371663
2025-09-17,0.14408482184938548,0.2214749500990854,0.26333611049099476,0.18830463135766234
2025-09-18,0.14410161973342772,0.22147201110964257,0.26165614418831157,0.1885680970404989
2025-09-19,0.1434304836867507,0.2204154178293049,0.2618272761403955,0.1881175195049401
2025-09-22,0.14325035856650828,0.21871450414849233,0.2618702252887466,0.1879827341209173
2025-09-23,0.1432123685885045,0.21882847218521317,,0.1870819662797123
2025-09-24,0.14325675346331077,0.2182308471982965,,0.1867782051892698
2025-09-25,0.1433835996549085,0.2180225795483843,0.26187374360941695,0.1865562333783375
2025-09-26,0.14342196038661023,0.21805610902537959,0.2622579722029489,0.1870154900269983
2025-09-29,0.14341386053064376,0.218060950043431,0.26239363935994936,0.18645717910253667
2025-09-30,0.14353979514116325,0.21689311570655737,0.2622048473791958,0.1864135963982929
2025-10-01,0.14415058682787632,0.2169123621712171,0.2621183247354294,0.1868474411481604
2025-10-02,0.14412059231122887,0.21617380073453105,0.26228575450150776,0.18692122731833938
2025-10-03,0.14436409104160375,0.21607660742731502,0.2633746721988573,0.18616440990639158
2025-10-06,0.1437565547805466,0.2139290265303167,0.27096150474502395,0.1860753852886883
2025-10-07,0.14355740099143238,0.21399700160118854,0.270881014408387,0.18562596701849085
2025-10-08,0.14372168519422426,0.21405833012509082,0.27080529123317143,0.18440692775535406
2025-10-09,0.14197972317866114,0.214022039420249,0.2702610828365453,0.1835789192677026
2025-10-10,0.1222058807364402,0.2054834820358256,0.2637294499130374,0.18513476240985774
2025-10-13,0.10313168436229964,0.18555224388816274,,0.17772716973619426
2025-10-14,0.09670608013086635,0.18551659094485937,,0.16433071045003642
2025-10-15,0.08626703967282581,0.18371718575880194,0.2646019442060367,0.15017346503228282
2025-10-16,0.07615956267276723,0.1341530982951366,0.26500437698803564,0.14674650847152856
2025-10-17,0.07711591809614513,0.12347863925775904,0.2625414631072954,0.13939327649694735
2025-10-20,0.07194190547316623,0.12200415571194842,0.26250430466607383,0.1281552802146989
2025-10-21,0.06957578520286307,0.1217391137584512,0.23327559217141947,0.1276690505339985
2025-10-22,0.07049082793102897,0.12206470862013512,0.21981203028009774,0.12360702398013763
2025-10-23,0.07091962772838661,0.11706238590621293,0.21235740555820445,0.12276627002098575
2025-10-24,0.07053952587297498,0.1173401257495497,0.1760399953546612,0.12274079108387892
2025-10-27,0.07053539327037554,0.11373614168781443,0.172364061813095,0.12253847877095261
2025-10-28,0.07069339587513286,0.1118520933284858,0.1723996038098711,0.11673800046405795
2025-10-29,0.07103272363231608,0.10886264322059484,0.17419324476511314,0.11669390752877398
2025-10-30,0.07077378859550808,0.1098261549142444,0.17319978362019453,0.11632424383814151
2025-10-31,0.07110448639983787,0.10982512787835698,0.17441422531716727,0.11672882675329892
2025-11-03,0.07119722406265412,0.10966789570344854,,0.11672727471213562
2025-11-04,0.0695750434386625,0.11130232173609766,,0.11686107409086535
2025-11-05,0.06956230721436495,0.11113781482747427,0.17874894252795356,0.1168569063150106
2025-11-06,0.06969959321745262,0.11100330247352592,0.17784953475673682,0.11772214233936977
2025-11-07,0.07026386339858336,0.11045908553180557,0.17901846283228,0.11794453834301094
2025-11-10,0.07128194224798898,0.11143247098118736,0.17814167922102014,0.11939620885387034
2025-11-11,0.07275969775980178,0.11136402234057213,0.1782348891649363,0.12015611383505881
2025-11-12,0.07261749055219821,0.1112051798609932,0.17681965465530447,0.1191715456595541
2025-11-13,0.0741708223857733,0.11410119083027191,0.1768259347160224,0.11964752875848993
2025-11-14,0.07582627786839855,0.10540976842891826,0.17884257618600102,0.12028039045864936
2025-11-17,0.07595529924781902,0.10604413162369583,0.178590185810533,0.12108115804667914
2025-11-18,0.0773957231050054,0.1068494994019212,0.18544713486907977,0.12412887585922143
2025-11-19,0.07776779132640856,0.10682785963938184,0.1846753703930513,0.12413601990808534
2025-11-20,0.07732299435915119,0.10901160643435603,0.18775022957303286,0.12413423736174416
2025-11-21,0.07719907607548084,0.10976247801219224,0.19073760333912074,0.12497133746607277
2025-11-24,0.07663380411820316,0.11147038085981605,,0.12473951817036288
2025-11-25,0.07723102930550035,0.10931905646309643,,0.12238292567980705
2025-11-26,0.07759558584392628,0.10959626212539357,0.1920489234926016,0.12274534675926832
2025-11-27,0.07759525422707772,,0.19179079875578037,0.12266799659810071
2025-11-28,0.07763724894923477,,0.19176173165185117,0.12225392911750581
2025-12-01,0.07772291753431099,0.10941069608325156,0.19373220817436443,0.12220063046362567
2025-12-02,0.07773210579133828,0.10899453438377392,0.1937483217752888,0.122178279029946
2025-12-03,0.07770813517745341,0.10895224112075118,0.1937864274575349,0.12198719963387517
2025-12-04,0.07769893297279566,0.10893577997210988,0.1953387890007311,0.12209015585364824
2025-12-05,0.07803080141085446,0.10886573390509016,0.19621340494403006,0.12201489380291318
2025-12-08,0.07814311661396348,0.1088770783783018,0.19593474758995086,0.12183391910078101
2025-12-09,0.07812360825369632,0.10890483112695071,0.195904763088852,0.12149982786647283
2025-12-10,0.07785785976084778,0.10879312751308857,0.19593534281057504,0.11994074820189093
2025-12-11,0.07803071699143826,0.1080477829629515,0.1952310592401755,0.1197759872485251
2025-12-12,0.0781746454941093,0.10935542402173008,0.19478635702946462,0.11923953455325526
2025-12-15,0.0793925688830683,0.10924426603122003,0.19480692924574422,0.11922840573201883
2025-12-16,0.07957079250210472,0.10922013565911835,0.19645853577104644,0.11791777725941545
2025-12-17,0.08034822432981639,0.11061597702944698,0.1962929619705854,0.11802947539775431
2025-12-18,0.0806312491712692,0.10964997165866623,0.196831653654389,0.11874999245168555
2025-12-19,0.08093934007207107,0.10956640323019111,0.19712180074595573,0.1172506766825577
2025-12-22,0.08076512096167059,0.10898552677539747,0.19812486146150998,0.11661554583582773
2025-12-23,0.08077682636590641,0.1090658809836251,0.1981441997466934,0.1165676622415839
2025-12-24,0.08039512742626526,0.10845729217509323,0.19816179620089763,
2025-12-25,,,0.19777408867877058,
2025-12-26,,,0.1972176412755851,
2025-12-29,,0.10773759474258722,0.19692978848151377,
2025-12-30,0.08056704801439593,0.10778273968433288,0.1970492463345033,0.11511949820297318
2025-12-31,0.08057834505038214,0.10798356930873546,,
2026-01-02,0.08052650714964528,0.10782126021101696,,
2026-01-05,0.08051001051714768,0.10792791082484098,,
2026-01-06,0.08189963607560562,0.10814269834554271,0.19742091411959778,0.11490116410561312
2026-01-07,0.08267723777801342,0.10818908342878322,0.1974713866761726,0.11474481960609868
2026-01-08,0.08247341789459416,0.10768082090214547,0.19913313862721063,0.11456968723599725
2026-01-09,0.08304248796605565,0.10794768585517582,0.200021850339814,0.11636814920199819
2026-01-12,0.08153033100950145,0.10770375454551251,,0.11533286532525663
2026-01-13,0.08125636171935312,0.10774342951857031,,0.11463985773781113
2026-01-14,0.08106523600818326,0.10794035356509406,0.20038390121737565,0.11465436622241647
2026-01-15,0.08054201778822075,0.1079658843712241,0.20058736727567608,0.1134378717000451
2026-01-16,0.08049491168803474,0.10777068382053255,0.19972396224231817,0.11346272967578709
2026-01-19,0.08060441941000346,,0.19934876611363436,0.11530077763391021
2026-01-20,0.08134183691290217,,0.199989232269071,0.11557774181139725
2026-01-21,0.08132003197209989,0.1087741236746198,0.19913606304240225,0.11549621828901221
2026-01-22,0.08131995758642571,0.10878354758545877,0.20001721010373866,0.11555424824481911
2026-01-23,0.08122540444106248,0.10877732388882888,0.20001035931185418,0.11386987546889295
2026-01-26,0.08051927037454565,0.10892761931022887,0.2020085461703593,0.11372743405717922
2026-01-27,0.0807112271337817,0.10901590310691793,0.20192985296994692,0.11384832658597123
2026-01-28,0.08084932774823306,0.10859327797072515,0.20194035526930212,0.11392945398094888
2026-01-29,0.08053134987696205,0.10863792173900029,0.201945560359142,0.1136918246033563
2026-01-30,0.08073715404369729,0.10879781284187834,0.20178552428696664,0.11434471124328363
2026-02-02,0.08207550880560321,0.10898262867373243,0.2027674300791043,0.11506712282043237
2026-02-03,0.08143065923509324,0.10964484737592668,0.20913067528075716,0.11502731660225797
2026-02-04,0.08173353338366261,0.1099256147854134,0.20956320359391106,0.11482045636587807
2026-02-05,0.08296298991792501,0.11130636021914878,0.21010523431382108,0.11538667876593996
2026-02-06,0.08322569425367204,0.11183083680156927,0.21020381082886777,0.114692043581637
2026-02-09,0.08244648009110118,0.11026368417198859,0.21620903438310266,0.1154198446566817
2026-02-10,0.08263007490055453,0.11011993925285028,0.2132770740225928,0.11547006116674972
2026-02-11,0.08381972170857864,0.10976087263232304,,0.11424837333798105
2026-02-12,0.0845359498681611,0.11224475189192278,,0.11441248849452093
2026-02-13,0.08464548003069494,0.11180140249384136,0.21338565222801767,0.1145187336344544
2026-02-16,0.08467227932076474,,0.21290805422112904,0.11454709908966018
2026-02-17,0.08486810910281578,,0.2122657381478581,0.11419397102267467
2026-02-18,0.08628655461046472,0.1119136320264871,0.21206548015396914,0.11507393177465922
2026-02-19,0.08676846359028237,0.11101987424419613,0.21207758268687787,0.11558951608047914
2026-02-20,0.08594014242153987,0.11131349719338707,0.2126571914993773,0.11655329287891363
2026-02-23,0.08594726935933239,0.11242168569964549,,0.11608483354572006
2026-02-24,0.08597407696312023,0.11274315602948246,,0.11602217090009204
2026-02-25,0.08720300478638425,0.11322219430737532,0.2140638330451103,0.11658623989956456
2026-02-26,0.08692852014301101,0.11316581485425929,0.2129926926623881,0.11651029258676877
2026-02-27,0.08692900190524389,0.11330722864153579,0.2129266583626907,0.1160073160062798
2026-03-02,0.08897004852200287,0.11310499691566557,0.21407959790089454,0.12044403442055483
2026-03-03,0.09704552810145228,0.11218019365545359,0.2191697538651044,0.13146029582774207
2026-03-04,0.09720535060482009,0.11241445941595157,0.22472366640999844,0.13355903284528967
2026-03-05,0.09962883476348047,0.11266264372327976,0.22547698720369674,0.134794112388397
2026-03-06,0.10139477572708244,0.11435105133739652,0.2243680347768319,0.13570606969450064
2026-03-09,0.10157516880830439,0.11481998053532992,0.23655552776255012,0.13441863137146698
2026-03-10,0.10372274929672778,0.11445718622661623,0.23947969446663242,0.13910631882356414
2026-03-11,0.10406481169103148,0.11429107130624451,0.24003392576315477,0.13945647215233611
2026-03-12,0.10390103165982756,0.11592067376230764,0.23945457338270956,0.13972066593693364
2026-03-13,0.10409848977243262,0.11616993631021542,0.23992283625277439,0.13952279580722243
2026-03-16,0.10428751479773933,0.1169645722902758,0.23995279351361595,0.13961040217224388
2026-03-17,0.10389997275049526,0.11695715310489278,0.23995285392242927,0.1397598816969177
2026-03-18,0.10494885121210493,0.11857225374863657,0.24235621100943155,0.1398831376380389
2026-03-19,0.11056401880189538,0.11806371999879452,0.24770635256208962,0.14329947188751094
2026-03-20,0.11261161193623405,0.12005213753558255,,0.145586234816409
2026-03-23,0.11269003066238509,0.12094702999857851,,0.14568719085870066
2026-03-24,0.1130664763230458,0.12105303418986704,0.24822388622091351,0.14569338736467416
2026-03-25,0.11462195253412207,0.12127950987062852,0.25098868817102676,0.14492752119743668
2026-03-26,0.11616688977487603,0.12363642475223424,0.2502435382524588,0.14646541001671903
2026-03-27,0.11574424771819826,0.1256887409992334,0.250395325385517,0.14720776567448773
2026-03-30,0.11777276845905878,0.12562182797279833,0.25355880178504275,0.1472878206111096
2026-03-31,0.11772361002608805,0.13193049833032205,0.2540527647191007,0.14745123611461428
2026-04-01,0.11959519506556258,0.13225747136923427,0.2632890759785741,0.15290207825712362
2026-04-02,0.11984449483146786,0.13206849573481125,0.2651829276449442,0.15259825648946831
2026-04-03,,,0.2655103138900567,
2026-04-06,,,0.26537713325332174,
2026-04-07,,0.13181386677663218,0.2649583077267859,
2026-04-08,0.12429567378004865,0.13632953675947165,0.27441012817471594,0.1672644150500976
2026-04-09,0.12427229892682462,0.13647881615105734,0.27465194194557985,0.1672471022454381
2026-04-10,0.1242828801271693,0.13641831544959745,0.275303275104979,0.16690739019183776
2026-04-13,0.12404996304413496,0.13713636640395707,0.27540981947168586,0.16624193163164666
2026-04-14,0.1238615026122197,0.1380855015946347,0.27696395484127273,0.16726952723195057
2026-04-15,0.12336789367998448,0.13842447432348312,0.27698379405723267,0.16751393804266712
2026-04-16,0.12339384816870708,0.1383271371813294,0.2782192214258853,0.16747287315093842
2026-04-17,0.12371722442800005,0.13907948238339293,0.27934787864726945,0.16973308666563588
2026-04-20,0.12393379000224208,0.13906243028199838,0.2793207927741655,0.1705871458634127
2026-04-21,0.12500082855696018,0.13359049144597318,0.27905454503635907,0.16931186796636968
2026-04-22,0.12432582464746743,0.1326468823250672,0.27892154560779125,0.16920045967799924
2026-04-23,0.12424078936514317,0.13278311965317044,0.27832072706186806,0.1691685316800238
2026-04-24,0.12478430881132155,0.13310126966625124,0.2712881323340226,0.16869808267892283
2026-04-27,0.12452674891873561,0.13273268199197935,0.2717919228039591,0.16841028714473577
2026-04-28,0.12423964986809777,0.13280882399415833,0.27219082352225255,0.16812720773663622
2026-04-29,0.12512451360359095,0.1320503066312834,,0.1672062429941454
2026-04-30,0.12704703681163837,0.13275036890303812,,0.16792703037664433
2026-05-01,0.1269653025066998,0.13251534829215192,0.27128850382024944,
2026-05-04,,0.13248198059745042,,
2026-05-05,,0.1325061864394947,,0.1694007712824124
2026-05-06,0.13006194295899642,0.13294466900842267,,0.1732517962582646
2026-05-07,0.13209630035741143,0.13307095820649958,,0.17378473858550825
2026-05-08,0.13208772609787378,0.1335250257097537,0.27080626107183214,0.17423776285665635
2026-05-11,0.13211450951947973,0.13267695295669824,0.27004280068199443,0.17427869979794267
2026-05-12,0.13211795894239486,0.1326909887335381,0.2696399108638226,0.17559892727171225
2026-05-13,0.1320732245326858,0.13288155942401045,0.2688244468075576,0.17602826749569545
2026-05-14,0.13200969825250908,0.13202167045231653,0.2655689774098305,
2026-05-15,0.13415263021229948,0.13329961045854163,0.26729927891651045,
2026-05-18,0.13444577408654876,0.13221530675531232,0.2677427710868885,0.1758205808089467
2026-05-19,0.13355931048925151,0.13264416779982718,0.2670318283287153,0.17577957858452986
2026-05-20,0.1341993799910086,0.1317951176793244,0.2671573383617877,0.1781321319386531
2026-05-21,0.13326337692929677,0.13178882866469702,0.2684851617360873,0.17818265080980908
2026-05-22,0.13219654069834197,0.13185568595607816,0.27067974977769976,0.17800193961264912
2026-05-25,,,0.27187914638185845,
2026-05-26,,,0.2719314421663747,
2026-05-27,0.1321214913785395,0.12948736292321944,0.2705074777995796,0.17757387106848802
